[{"model": "account.profile", "pk": 1, "fields": {"user": 1, "date_of_birth": "1999-05-04", "photo": "users/2021/04/15/cool11_HZbYVVA.jpeg", "about": "Lorem ipsum dolor sit amet, consectetur adipiscing elit. Proin a turpis nisl. Nulla facilisi. Donec finibus sit amet velit a maximus. Praesent id odio a libero elementum molestie. Cras tempor, mauris nec pharetra pretium, ante purus elementum ligula, vel iaculis tortor enim eu orci."}}, {"model": "account.profile", "pk": 2, "fields": {"user": 2, "date_of_birth": "1990-05-04", "photo": "users/2021/04/15/cool18_4feHA4N.jpeg", "about": "Suspendisse potenti. Aenean pharetra enim lacinia sollicitudin tempus. Sed vestibulum lacus nisi, id accumsan ligula vehicula a. Vestibulum et nisl lobortis, interdum dolor in, hendrerit sapien. Etiam ut quam a est tempor condimentum. Duis posuere nisl in dolor ultricies porta. Cras odio tellus, mollis eu venenatis at, ornare at dui. Praesent dignissim lectus quam. Curabitur pretium in dui vitae tristique. Donec luctus dignissim ipsum volutpat pretium. Mauris vitae tincidunt lectus. Integer porttitor tempus erat, eu viverra lectus dictum at. Phasellus fringilla bibendum posuere. \r\n\r\nAlso, if you are interested, my video channel: https://www.youtube.com/channel/UCMzT-mdCqoyEv_-YZVtE7MQ\r\n\r\nSed sed enim placerat, consequat ante ut, vehicula sem. Suspendisse sem dolor, tempus ac mi et, sagittis tempus odio."}}, {"model": "account.profile", "pk": 3, "fields": {"user": 3, "date_of_birth": "1997-03-03", "photo": "users/2021/04/15/cool2.jpeg", "about": "Vestibulum faucibus tellus felis, sit amet dictum odio pellentesque ac. Nam mi mi, tempor et nisl et, imperdiet semper massa. Aliquam placerat urna nec augue feugiat elementum. Ut laoreet augue nec gravida porttitor. Cras quis euismod lectus, in varius metus. Nam nec enim at ipsum fringilla congue. Nunc ipsum purus, pharetra nec congue nec, varius quis ipsum. Vestibulum sed mauris in dolor rutrum mollis. Aenean lobortis nunc ac sodales tristique. Curabitur venenatis massa porta ornare lobortis. Nullam posuere sed ligula et vestibulum."}}, {"model": "account.profile", "pk": 4, "fields": {"user": 4, "date_of_birth": null, "photo": "users/default/default_avatar.jpeg", "about": ""}}, {"model": "account.profile", "pk": 5, "fields": {"user": 5, "date_of_birth": null, "photo": "users/default/default_avatar.jpeg", "about": ""}}, {"model": "account.profile", "pk": 6, "fields": {"user": 6, "date_of_birth": "2000-05-04", "photo": "users/2021/04/15/cool6.jpeg", "about": "raesent in lacinia eros, vel finibus felis. Nunc quis sapien lobortis, mattis nibh quis, imperdiet sem. Donec sit amet fringilla lacus. In aliquet eros in sapien euismod, consequat posuere nisl pharetra. Suspendisse enim enim, faucibus id suscipit et, pellentesque id libero. Fusce malesuada facilisis purus. Vivamus vestibulum risus sapien, quis ultricies velit sodales in. Vivamus auctor urna metus, quis rutrum enim bibendum nec. Nam nec facilisis felis, a egestas odio. Phasellus urna odio, sodales quis nisi vitae, malesuada venenatis arcu. Aliquam sed velit et lorem pretium luctus. Nam sed orci diam. Vivamus sed finibus sapien, at fermentum nunc. Maecenas ut magna vitae odio placerat tempor viverra ut est. Nam vitae interdum purus. Phasellus dignissim vel tellus sit amet elementum."}}, {"model": "account.profile", "pk": 7, "fields": {"user": 7, "date_of_birth": "1990-05-04", "photo": "users/2021/04/15/cool7.jpeg", "about": "Lorem ipsum dolor sit amet, consectetur adipiscing elit. Sed venenatis lectus augue, eu euismod nibh rutrum ut. Cras fringilla ligula eget orci pharetra mollis. Vivamus eget enim sed mi consectetur laoreet. Nunc mollis augue at turpis aliquet porta. Donec accumsan nisi ut dapibus gravida. Nam eu urna sagittis, pellentesque diam cursus, finibus ante. Fusce aliquam rhoncus metus eget lacinia.\r\n\r\nSuspendisse aliquam sit amet est faucibus facilisis. Suspendisse semper quam eros, sit amet gravida odio iaculis id. Nunc ac justo nisi. Integer consequat efficitur convallis. Mauris luctus lorem sit amet elit molestie, non suscipit mi dictum. Quisque lacinia non enim sed lobortis. Sed mi purus, tempor eget risus eget, fermentum volutpat nisi. Maecenas condimentum, nunc et lacinia rhoncus, libero est egestas purus, ut ultricies neque lectus sit amet nibh. Cras laoreet quis erat et lobortis."}}, {"model": "account.profile", "pk": 8, "fields": {"user": 8, "date_of_birth": "1991-06-24", "photo": "users/2021/04/15/cool8.jpeg", "about": "Donec nisl dolor, feugiat eu porttitor a, pellentesque ut ante. Morbi id dignissim est. Duis eget urna a tellus pellentesque sagittis ut quis sem. Nulla facilisi. Nam eget ipsum ac justo rutrum auctor. Nullam laoreet mi at blandit luctus. Cras id laoreet diam, id pulvinar arcu. Sed mollis turpis eros, ut feugiat leo cursus vitae. Donec tristique sapien ornare dignissim aliquet. Nunc iaculis vehicula orci, at blandit lectus scelerisque nec. Donec ultricies aliquet sem, in ullamcorper mi."}}, {"model": "account.profile", "pk": 9, "fields": {"user": 9, "date_of_birth": "1990-05-04", "photo": "users/2021/04/15/cool6_QCFPP3z.jpeg", "about": "Maecenas ut pretium nulla. Suspendisse at tristique arcu, ut posuere orci. Quisque aliquet facilisis lorem nec aliquam. Proin eleifend eget ligula eget accumsan. Proin consectetur nunc ut mauris condimentum facilisis. Nulla ultrices auctor metus eget sagittis. Donec sit amet sapien eros. Vestibulum facilisis nibh a arcu varius viverra. Curabitur rhoncus justo neque, at finibus erat tempor ac."}}, {"model": "account.profile", "pk": 10, "fields": {"user": 10, "date_of_birth": "2020-05-04", "photo": "users/2021/04/15/cool9.jpeg", "about": "Curabitur dignissim et lectus a pretium. Morbi vestibulum mi quis mi lobortis, eu vestibulum libero condimentum. In a bibendum enim. Quisque sed tristique turpis. Mauris est nisi, lobortis vel augue a, feugiat fermentum nisl. Nullam auctor pulvinar eros, quis interdum mi porttitor nec. Mauris eget ipsum elementum mauris bibendum ullamcorper ut sit amet tortor. Aenean bibendum fermentum mi in auctor. Etiam eget erat ac massa bibendum posuere. Aliquam ut velit accumsan, eleifend orci in, fringilla magna."}}, {"model": "account.profile", "pk": 11, "fields": {"user": 11, "date_of_birth": null, "photo": "users/default/default_avatar.jpeg", "about": ""}}, {"model": "account.profile", "pk": 12, "fields": {"user": 12, "date_of_birth": null, "photo": "users/default/default_avatar.jpeg", "about": ""}}, {"model": "account.profile", "pk": 13, "fields": {"user": 13, "date_of_birth": null, "photo": "users/default/default_avatar.jpeg", "about": ""}}, {"model": "account.profile", "pk": 14, "fields": {"user": 14, "date_of_birth": null, "photo": "users/default/default_avatar.jpeg", "about": ""}}, {"model": "account.profile", "pk": 15, "fields": {"user": 15, "date_of_birth": null, "photo": "users/default/default_avatar.jpeg", "about": ""}}, {"model": "account.profile", "pk": 16, "fields": {"user": 16, "date_of_birth": null, "photo": "users/default/default_avatar.jpeg", "about": ""}}, {"model": "account.profile", "pk": 17, "fields": {"user": 17, "date_of_birth": "1990-05-04", "photo": "users/2021/04/15/a.jpeg", "about": "Curabitur nec leo nibh. Vivamus turpis sapien, gravida eu condimentum in, eleifend vel sem. Vestibulum fermentum tempor metus, eget efficitur arcu malesuada lacinia. Suspendisse lacinia metus at lacus consequat congue. Sed eget odio et lacus vulputate tempor quis et dui. Integer vulputate libero non vehicula vulputate. Cras tincidunt nec tellus ac feugiat. Aliquam pretium tellus non ante viverra, ut molestie eros suscipit. Ut aliquam dui vel lectus euismod, et consectetur metus posuere."}}, {"model": "auth.permission", "pk": 1, "fields": {"name": "Can add profile", "content_type": 1, "codename": "add_profile"}}, {"model": "auth.permission", "pk": 2, "fields": {"name": "Can change profile", "content_type": 1, "codename": "change_profile"}}, {"model": "auth.permission", "pk": 3, "fields": {"name": "Can delete profile", "content_type": 1, "codename": "delete_profile"}}, {"model": "auth.permission", "pk": 4, "fields": {"name": "Can view profile", "content_type": 1, "codename": "view_profile"}}, {"model": "auth.permission", "pk": 5, "fields": {"name": "Can add log entry", "content_type": 2, "codename": "add_logentry"}}, {"model": "auth.permission", "pk": 6, "fields": {"name": "Can change log entry", "content_type": 2, "codename": "change_logentry"}}, {"model": "auth.permission", "pk": 7, "fields": {"name": "Can delete log entry", "content_type": 2, "codename": "delete_logentry"}}, {"model": "auth.permission", "pk": 8, "fields": {"name": "Can view log entry", "content_type": 2, "codename": "view_logentry"}}, {"model": "auth.permission", "pk": 9, "fields": {"name": "Can add permission", "content_type": 3, "codename": "add_permission"}}, {"model": "auth.permission", "pk": 10, "fields": {"name": "Can change permission", "content_type": 3, "codename": "change_permission"}}, {"model": "auth.permission", "pk": 11, "fields": {"name": "Can delete permission", "content_type": 3, "codename": "delete_permission"}}, {"model": "auth.permission", "pk": 12, "fields": {"name": "Can view permission", "content_type": 3, "codename": "view_permission"}}, {"model": "auth.permission", "pk": 13, "fields": {"name": "Can add group", "content_type": 4, "codename": "add_group"}}, {"model": "auth.permission", "pk": 14, "fields": {"name": "Can change group", "content_type": 4, "codename": "change_group"}}, {"model": "auth.permission", "pk": 15, "fields": {"name": "Can delete group", "content_type": 4, "codename": "delete_group"}}, {"model": "auth.permission", "pk": 16, "fields": {"name": "Can view group", "content_type": 4, "codename": "view_group"}}, {"model": "auth.permission", "pk": 17, "fields": {"name": "Can add user", "content_type": 5, "codename": "add_user"}}, {"model": "auth.permission", "pk": 18, "fields": {"name": "Can change user", "content_type": 5, "codename": "change_user"}}, {"model": "auth.permission", "pk": 19, "fields": {"name": "Can delete user", "content_type": 5, "codename": "delete_user"}}, {"model": "auth.permission", "pk": 20, "fields": {"name": "Can view user", "content_type": 5, "codename": "view_user"}}, {"model": "auth.permission", "pk": 21, "fields": {"name": "Can add content type", "content_type": 6, "codename": "add_contenttype"}}, {"model": "auth.permission", "pk": 22, "fields": {"name": "Can change content type", "content_type": 6, "codename": "change_contenttype"}}, {"model": "auth.permission", "pk": 23, "fields": {"name": "Can delete content type", "content_type": 6, "codename": "delete_contenttype"}}, {"model": "auth.permission", "pk": 24, "fields": {"name": "Can view content type", "content_type": 6, "codename": "view_contenttype"}}, {"model": "auth.permission", "pk": 25, "fields": {"name": "Can add session", "content_type": 7, "codename": "add_session"}}, {"model": "auth.permission", "pk": 26, "fields": {"name": "Can change session", "content_type": 7, "codename": "change_session"}}, {"model": "auth.permission", "pk": 27, "fields": {"name": "Can delete session", "content_type": 7, "codename": "delete_session"}}, {"model": "auth.permission", "pk": 28, "fields": {"name": "Can view session", "content_type": 7, "codename": "view_session"}}, {"model": "auth.permission", "pk": 29, "fields": {"name": "Can add blog", "content_type": 8, "codename": "add_blog"}}, {"model": "auth.permission", "pk": 30, "fields": {"name": "Can change blog", "content_type": 8, "codename": "change_blog"}}, {"model": "auth.permission", "pk": 31, "fields": {"name": "Can delete blog", "content_type": 8, "codename": "delete_blog"}}, {"model": "auth.permission", "pk": 32, "fields": {"name": "Can view blog", "content_type": 8, "codename": "view_blog"}}, {"model": "auth.permission", "pk": 33, "fields": {"name": "Can add tagged blog", "content_type": 9, "codename": "add_taggedblog"}}, {"model": "auth.permission", "pk": 34, "fields": {"name": "Can change tagged blog", "content_type": 9, "codename": "change_taggedblog"}}, {"model": "auth.permission", "pk": 35, "fields": {"name": "Can delete tagged blog", "content_type": 9, "codename": "delete_taggedblog"}}, {"model": "auth.permission", "pk": 36, "fields": {"name": "Can view tagged blog", "content_type": 9, "codename": "view_taggedblog"}}, {"model": "auth.permission", "pk": 37, "fields": {"name": "Can add follow relationship", "content_type": 10, "codename": "add_followrelationship"}}, {"model": "auth.permission", "pk": 38, "fields": {"name": "Can change follow relationship", "content_type": 10, "codename": "change_followrelationship"}}, {"model": "auth.permission", "pk": 39, "fields": {"name": "Can delete follow relationship", "content_type": 10, "codename": "delete_followrelationship"}}, {"model": "auth.permission", "pk": 40, "fields": {"name": "Can view follow relationship", "content_type": 10, "codename": "view_followrelationship"}}, {"model": "auth.permission", "pk": 41, "fields": {"name": "Can add post", "content_type": 11, "codename": "add_post"}}, {"model": "auth.permission", "pk": 42, "fields": {"name": "Can change post", "content_type": 11, "codename": "change_post"}}, {"model": "auth.permission", "pk": 43, "fields": {"name": "Can delete post", "content_type": 11, "codename": "delete_post"}}, {"model": "auth.permission", "pk": 44, "fields": {"name": "Can view post", "content_type": 11, "codename": "view_post"}}, {"model": "auth.permission", "pk": 45, "fields": {"name": "Can add tagged post", "content_type": 12, "codename": "add_taggedpost"}}, {"model": "auth.permission", "pk": 46, "fields": {"name": "Can change tagged post", "content_type": 12, "codename": "change_taggedpost"}}, {"model": "auth.permission", "pk": 47, "fields": {"name": "Can delete tagged post", "content_type": 12, "codename": "delete_taggedpost"}}, {"model": "auth.permission", "pk": 48, "fields": {"name": "Can view tagged post", "content_type": 12, "codename": "view_taggedpost"}}, {"model": "auth.permission", "pk": 49, "fields": {"name": "Can add section", "content_type": 13, "codename": "add_section"}}, {"model": "auth.permission", "pk": 50, "fields": {"name": "Can change section", "content_type": 13, "codename": "change_section"}}, {"model": "auth.permission", "pk": 51, "fields": {"name": "Can delete section", "content_type": 13, "codename": "delete_section"}}, {"model": "auth.permission", "pk": 52, "fields": {"name": "Can view section", "content_type": 13, "codename": "view_section"}}, {"model": "auth.permission", "pk": 53, "fields": {"name": "Can add title", "content_type": 14, "codename": "add_title"}}, {"model": "auth.permission", "pk": 54, "fields": {"name": "Can change title", "content_type": 14, "codename": "change_title"}}, {"model": "auth.permission", "pk": 55, "fields": {"name": "Can delete title", "content_type": 14, "codename": "delete_title"}}, {"model": "auth.permission", "pk": 56, "fields": {"name": "Can view title", "content_type": 14, "codename": "view_title"}}, {"model": "auth.permission", "pk": 57, "fields": {"name": "Can add sub title", "content_type": 15, "codename": "add_subtitle"}}, {"model": "auth.permission", "pk": 58, "fields": {"name": "Can change sub title", "content_type": 15, "codename": "change_subtitle"}}, {"model": "auth.permission", "pk": 59, "fields": {"name": "Can delete sub title", "content_type": 15, "codename": "delete_subtitle"}}, {"model": "auth.permission", "pk": 60, "fields": {"name": "Can view sub title", "content_type": 15, "codename": "view_subtitle"}}, {"model": "auth.permission", "pk": 61, "fields": {"name": "Can add text", "content_type": 16, "codename": "add_text"}}, {"model": "auth.permission", "pk": 62, "fields": {"name": "Can change text", "content_type": 16, "codename": "change_text"}}, {"model": "auth.permission", "pk": 63, "fields": {"name": "Can delete text", "content_type": 16, "codename": "delete_text"}}, {"model": "auth.permission", "pk": 64, "fields": {"name": "Can view text", "content_type": 16, "codename": "view_text"}}, {"model": "auth.permission", "pk": 65, "fields": {"name": "Can add citation", "content_type": 17, "codename": "add_citation"}}, {"model": "auth.permission", "pk": 66, "fields": {"name": "Can change citation", "content_type": 17, "codename": "change_citation"}}, {"model": "auth.permission", "pk": 67, "fields": {"name": "Can delete citation", "content_type": 17, "codename": "delete_citation"}}, {"model": "auth.permission", "pk": 68, "fields": {"name": "Can view citation", "content_type": 17, "codename": "view_citation"}}, {"model": "auth.permission", "pk": 69, "fields": {"name": "Can add image", "content_type": 18, "codename": "add_image"}}, {"model": "auth.permission", "pk": 70, "fields": {"name": "Can change image", "content_type": 18, "codename": "change_image"}}, {"model": "auth.permission", "pk": 71, "fields": {"name": "Can delete image", "content_type": 18, "codename": "delete_image"}}, {"model": "auth.permission", "pk": 72, "fields": {"name": "Can view image", "content_type": 18, "codename": "view_image"}}, {"model": "auth.permission", "pk": 73, "fields": {"name": "Can add tag", "content_type": 19, "codename": "add_tag"}}, {"model": "auth.permission", "pk": 74, "fields": {"name": "Can change tag", "content_type": 19, "codename": "change_tag"}}, {"model": "auth.permission", "pk": 75, "fields": {"name": "Can delete tag", "content_type": 19, "codename": "delete_tag"}}, {"model": "auth.permission", "pk": 76, "fields": {"name": "Can view tag", "content_type": 19, "codename": "view_tag"}}, {"model": "auth.permission", "pk": 77, "fields": {"name": "Can add comment", "content_type": 20, "codename": "add_comment"}}, {"model": "auth.permission", "pk": 78, "fields": {"name": "Can change comment", "content_type": 20, "codename": "change_comment"}}, {"model": "auth.permission", "pk": 79, "fields": {"name": "Can delete comment", "content_type": 20, "codename": "delete_comment"}}, {"model": "auth.permission", "pk": 80, "fields": {"name": "Can view comment", "content_type": 20, "codename": "view_comment"}}, {"model": "auth.permission", "pk": 81, "fields": {"name": "Can add source", "content_type": 21, "codename": "add_source"}}, {"model": "auth.permission", "pk": 82, "fields": {"name": "Can change source", "content_type": 21, "codename": "change_source"}}, {"model": "auth.permission", "pk": 83, "fields": {"name": "Can delete source", "content_type": 21, "codename": "delete_source"}}, {"model": "auth.permission", "pk": 84, "fields": {"name": "Can view source", "content_type": 21, "codename": "view_source"}}, {"model": "auth.permission", "pk": 85, "fields": {"name": "Can add thumbnail", "content_type": 22, "codename": "add_thumbnail"}}, {"model": "auth.permission", "pk": 86, "fields": {"name": "Can change thumbnail", "content_type": 22, "codename": "change_thumbnail"}}, {"model": "auth.permission", "pk": 87, "fields": {"name": "Can delete thumbnail", "content_type": 22, "codename": "delete_thumbnail"}}, {"model": "auth.permission", "pk": 88, "fields": {"name": "Can view thumbnail", "content_type": 22, "codename": "view_thumbnail"}}, {"model": "auth.permission", "pk": 89, "fields": {"name": "Can add thumbnail dimensions", "content_type": 23, "codename": "add_thumbnaildimensions"}}, {"model": "auth.permission", "pk": 90, "fields": {"name": "Can change thumbnail dimensions", "content_type": 23, "codename": "change_thumbnaildimensions"}}, {"model": "auth.permission", "pk": 91, "fields": {"name": "Can delete thumbnail dimensions", "content_type": 23, "codename": "delete_thumbnaildimensions"}}, {"model": "auth.permission", "pk": 92, "fields": {"name": "Can view thumbnail dimensions", "content_type": 23, "codename": "view_thumbnaildimensions"}}, {"model": "auth.user", "pk": 1, "fields": {"password": "pbkdf2_sha256$216000$UVobPCjngzAi$dTQwUNjvhSFnJOcsFbgmS92oD63YwMAOEI81fHQLekw=", "last_login": "2021-04-15T10:29:39.328Z", "is_superuser": false, "username": "jan", "first_name": "Jan", "last_name": "Kowalski", "email": "jan@gmail.com", "is_staff": false, "is_active": true, "date_joined": "2021-04-15T09:31:45.792Z", "groups": [], "user_permissions": []}}, {"model": "auth.user", "pk": 2, "fields": {"password": "pbkdf2_sha256$216000$bTXWuq8kn78L$JbRsCk9CzvamZ3vsRugHUTEuPF7LzPJ2KRke5gx5vGw=", "last_login": "2021-04-15T12:46:18.209Z", "is_superuser": false, "username": "mindfigment", "first_name": "Maksymilian", "last_name": "Szmelczynski", "email": "mindfigment@gmail.com", "is_staff": false, "is_active": true, "date_joined": "2021-04-15T10:08:25.199Z", "groups": [], "user_permissions": []}}, {"model": "auth.user", "pk": 3, "fields": {"password": "pbkdf2_sha256$216000$1sV7yR5rgbXD$MxQCRMV81wkuv71A/wsmRo2QkP2EyfuUoSWsqq8snAw=", "last_login": "2021-04-15T10:37:40.301Z", "is_superuser": false, "username": "lisa", "first_name": "Lisa", "last_name": "Pillath", "email": "lisa@gmail.com", "is_staff": false, "is_active": true, "date_joined": "2021-04-15T10:37:33.791Z", "groups": [], "user_permissions": []}}, {"model": "auth.user", "pk": 4, "fields": {"password": "pbkdf2_sha256$216000$s8cd3b77wZdR$DXpTTGGxvnaY1P24Ul7GdQvyZMBHjm1hIG7aYB8chco=", "last_login": "2021-04-15T11:11:54.721Z", "is_superuser": false, "username": "ola", "first_name": "ola", "last_name": "ola", "email": "ola@gmail.com", "is_staff": false, "is_active": true, "date_joined": "2021-04-15T11:11:48.102Z", "groups": [], "user_permissions": []}}, {"model": "auth.user", "pk": 5, "fields": {"password": "pbkdf2_sha256$216000$GqZwAgTIpIPc$6PvGNVGJYasQrjExS5eNEonOKsicyVhBx9x3foFoOMA=", "last_login": "2021-04-15T11:14:28.329Z", "is_superuser": false, "username": "weronika", "first_name": "weronika", "last_name": "weronika", "email": "weronika@gmail.com", "is_staff": false, "is_active": true, "date_joined": "2021-04-15T11:13:05.963Z", "groups": [], "user_permissions": []}}, {"model": "auth.user", "pk": 6, "fields": {"password": "pbkdf2_sha256$216000$z95EgEmnvnWT$4VIVnVAn+0OTi5oTlOmN/aX2kd2pP+OGWFnoxxQ2nMg=", "last_login": "2021-04-15T11:15:48.882Z", "is_superuser": false, "username": "maciek", "first_name": "maciek", "last_name": "maciek", "email": "maciek@gmail.com", "is_staff": false, "is_active": true, "date_joined": "2021-04-15T11:15:43.205Z", "groups": [], "user_permissions": []}}, {"model": "auth.user", "pk": 7, "fields": {"password": "pbkdf2_sha256$216000$IDiuqdNQA5Kx$yHIGc8JQ7tC62tW0WMaj5GPhbmFJ5NzLFgtjsoJs0zA=", "last_login": "2021-04-15T11:17:14.077Z", "is_superuser": false, "username": "michal", "first_name": "michal", "last_name": "michal", "email": "michal@gmail.com", "is_staff": false, "is_active": true, "date_joined": "2021-04-15T11:17:06.739Z", "groups": [], "user_permissions": []}}, {"model": "auth.user", "pk": 8, "fields": {"password": "pbkdf2_sha256$216000$wpLfKBLIhHK6$CPRxMVSoD02Eumo9Dh9lqFuQMjQ9o1wNreRLoHywzKw=", "last_login": "2021-04-15T11:18:26.944Z", "is_superuser": false, "username": "karol", "first_name": "karol", "last_name": "karol", "email": "karol@gmail.com", "is_staff": false, "is_active": true, "date_joined": "2021-04-15T11:18:21.851Z", "groups": [], "user_permissions": []}}, {"model": "auth.user", "pk": 9, "fields": {"password": "pbkdf2_sha256$216000$FmmUBLDsezvJ$ZZKe+W7caTcVkcS+KA9OuNMJKRe4VkGDAAVSZGHOXMY=", "last_login": "2021-04-15T12:08:43.296Z", "is_superuser": false, "username": "tomek", "first_name": "tomek", "last_name": "tomek", "email": "tomek@gmail.com", "is_staff": false, "is_active": true, "date_joined": "2021-04-15T11:19:20.010Z", "groups": [], "user_permissions": []}}, {"model": "auth.user", "pk": 10, "fields": {"password": "pbkdf2_sha256$216000$hnJuqu8qEvyC$NyJ1Iq1xDv6iA07pxEhvcXPt3rX4PH+HLqEDjg9DEQQ=", "last_login": "2021-04-15T12:32:18.380Z", "is_superuser": false, "username": "hania", "first_name": "hania", "last_name": "hania", "email": "hania@gmail.com", "is_staff": false, "is_active": true, "date_joined": "2021-04-15T11:20:03.262Z", "groups": [], "user_permissions": []}}, {"model": "auth.user", "pk": 11, "fields": {"password": "pbkdf2_sha256$216000$z0B5a6aludyc$FoI1VDXFUW1D1cvsy1xLdprHCl+0FJH2LnaWO56kwoE=", "last_login": "2021-04-15T12:35:41.902Z", "is_superuser": false, "username": "marta", "first_name": "marta", "last_name": "marta", "email": "marta@gmail.com", "is_staff": false, "is_active": true, "date_joined": "2021-04-15T12:05:52.445Z", "groups": [], "user_permissions": []}}, {"model": "auth.user", "pk": 12, "fields": {"password": "pbkdf2_sha256$216000$LvOqQjA8YPD2$EEIW9idb2iqp/ZQ/VDS7gpZRFpFjMsDY5HcN0w1v3JY=", "last_login": "2021-04-15T12:34:29.643Z", "is_superuser": false, "username": "julia", "first_name": "julia", "last_name": "julia", "email": "julia@gmail.com", "is_staff": false, "is_active": true, "date_joined": "2021-04-15T12:30:59.278Z", "groups": [], "user_permissions": []}}, {"model": "auth.user", "pk": 13, "fields": {"password": "pbkdf2_sha256$216000$VTsmsQIPxfVN$CbwoufLwBn0mgRmmmJJesU+HEcx9vEKJrzs6ZP2LNbQ=", "last_login": "2021-04-15T12:32:51.307Z", "is_superuser": false, "username": "filip", "first_name": "filip", "last_name": "filip", "email": "filip@gmail.com", "is_staff": false, "is_active": true, "date_joined": "2021-04-15T12:31:48.239Z", "groups": [], "user_permissions": []}}, {"model": "auth.user", "pk": 14, "fields": {"password": "pbkdf2_sha256$216000$69usxcHwyDMf$/+Rim9VaycEmS1JOrBPR/jEy1vEkjZV72FFdRQcBg1A=", "last_login": "2021-04-15T12:33:25.849Z", "is_superuser": false, "username": "bartek", "first_name": "bartek", "last_name": "bartek", "email": "bartek@gmail.com", "is_staff": false, "is_active": true, "date_joined": "2021-04-15T12:33:07.622Z", "groups": [], "user_permissions": []}}, {"model": "auth.user", "pk": 15, "fields": {"password": "pbkdf2_sha256$216000$kJKoDQZ0htuP$hduQfS8COiEJgv5vCPKMxgy6zy9cB2Ifw4iW2WwSuY4=", "last_login": "2021-04-15T12:34:07.215Z", "is_superuser": false, "username": "piotrek", "first_name": "piotrek", "last_name": "piotrek", "email": "piotrek@gmail.com", "is_staff": false, "is_active": true, "date_joined": "2021-04-15T12:34:01.025Z", "groups": [], "user_permissions": []}}, {"model": "auth.user", "pk": 16, "fields": {"password": "pbkdf2_sha256$216000$c2wOdkhyhATK$P9P9KKqyFC7LBROCUqEUE/E3QxYzsmcRRwShSJZjtq4=", "last_login": "2021-04-15T12:36:29.536Z", "is_superuser": false, "username": "kasia", "first_name": "kasia", "last_name": "kasia", "email": "kasia@gmail.com", "is_staff": false, "is_active": true, "date_joined": "2021-04-15T12:36:23.664Z", "groups": [], "user_permissions": []}}, {"model": "auth.user", "pk": 17, "fields": {"password": "pbkdf2_sha256$216000$QApEGth5BuV8$px8Ijx6Qfew/6cMs2zAYGxly457FWKUCkgnwSF5ly2o=", "last_login": "2021-04-15T12:37:21.776Z", "is_superuser": false, "username": "justyna", "first_name": "justyna", "last_name": "justyna", "email": "justyna@gmail.com", "is_staff": false, "is_active": true, "date_joined": "2021-04-15T12:37:14.487Z", "groups": [], "user_permissions": []}}, {"model": "contenttypes.contenttype", "pk": 1, "fields": {"app_label": "account", "model": "profile"}}, {"model": "contenttypes.contenttype", "pk": 2, "fields": {"app_label": "admin", "model": "logentry"}}, {"model": "contenttypes.contenttype", "pk": 3, "fields": {"app_label": "auth", "model": "permission"}}, {"model": "contenttypes.contenttype", "pk": 4, "fields": {"app_label": "auth", "model": "group"}}, {"model": "contenttypes.contenttype", "pk": 5, "fields": {"app_label": "auth", "model": "user"}}, {"model": "contenttypes.contenttype", "pk": 6, "fields": {"app_label": "contenttypes", "model": "contenttype"}}, {"model": "contenttypes.contenttype", "pk": 7, "fields": {"app_label": "sessions", "model": "session"}}, {"model": "contenttypes.contenttype", "pk": 8, "fields": {"app_label": "blogs", "model": "blog"}}, {"model": "contenttypes.contenttype", "pk": 9, "fields": {"app_label": "blogs", "model": "taggedblog"}}, {"model": "contenttypes.contenttype", "pk": 10, "fields": {"app_label": "blogs", "model": "followrelationship"}}, {"model": "contenttypes.contenttype", "pk": 11, "fields": {"app_label": "posts", "model": "post"}}, {"model": "contenttypes.contenttype", "pk": 12, "fields": {"app_label": "posts", "model": "taggedpost"}}, {"model": "contenttypes.contenttype", "pk": 13, "fields": {"app_label": "posts", "model": "section"}}, {"model": "contenttypes.contenttype", "pk": 14, "fields": {"app_label": "posts", "model": "title"}}, {"model": "contenttypes.contenttype", "pk": 15, "fields": {"app_label": "posts", "model": "subtitle"}}, {"model": "contenttypes.contenttype", "pk": 16, "fields": {"app_label": "posts", "model": "text"}}, {"model": "contenttypes.contenttype", "pk": 17, "fields": {"app_label": "posts", "model": "citation"}}, {"model": "contenttypes.contenttype", "pk": 18, "fields": {"app_label": "posts", "model": "image"}}, {"model": "contenttypes.contenttype", "pk": 19, "fields": {"app_label": "tags", "model": "tag"}}, {"model": "contenttypes.contenttype", "pk": 20, "fields": {"app_label": "comments", "model": "comment"}}, {"model": "contenttypes.contenttype", "pk": 21, "fields": {"app_label": "easy_thumbnails", "model": "source"}}, {"model": "contenttypes.contenttype", "pk": 22, "fields": {"app_label": "easy_thumbnails", "model": "thumbnail"}}, {"model": "contenttypes.contenttype", "pk": 23, "fields": {"app_label": "easy_thumbnails", "model": "thumbnaildimensions"}}, {"model": "sessions.session", "pk": "448uzsw1fe05ygrk7fqsbxmfvd0txwzf", "fields": {"session_data": ".eJxVjEEOwiAQRe_C2hCwMgWX7j0DmWEGqRpISrsy3l2bdKHb_977LxVxXUpcu8xxYnVW1qjD70iYHlI3wnest6ZTq8s8kd4UvdOur43ledndv4OCvXzrFHA8MbBzo8mBc_ZALMfs0boQBIBkEBdAwHo3CBvv0Q_GSqJElo16fwAfwjiv:1lX02b:Tot08szoXj55dcQQ3DHkCswe9yHfXcZtwcCa58lJ79A", "expire_date": "2021-04-29T11:20:09.015Z"}}, {"model": "sessions.session", "pk": "yokwqyfqbxmujjns8m0er3fcr95if8zu", "fields": {"session_data": ".eJxVjDsOwjAQBe_iGln-sP5Q0nMGa9fe4ABypDipEHcnkVJA-2bmvUXCdalp7TynsYiL0F6cfkfC_OS2k_LAdp9kntoyjyR3RR60y9tU-HU93L-Dir1uNSFQxghegwbgwQFnhXS2qDKb6DZUXDTKYnSDtVyC82iAIARfyCjx-QIWdDgJ:1lX1FJ:dz2mm2oHjaXbrjNp1oyaddKKbhWmDOiNVJ1QCP-4PFo", "expire_date": "2021-04-29T12:37:21.780Z"}}, {"model": "blogs.blog", "pk": 1, "fields": {"title": "Deep Code", "subtitle": "Unreasonable Thoughts", "slug": "deep-code", "is_active": true, "about": "Curabitur semper ultricies sapien, ut euismod mauris consequat non. Duis lacinia id neque eu gravida. Nunc efficitur cursus mi, sit amet iaculis neque vestibulum id. Cras eleifend dui quam, quis sollicitudin tellus bibendum quis. Proin congue tincidunt elit a auctor. Proin at facilisis elit. Etiam nec risus et velit laoreet venenatis at eget velit. Aliquam porta enim tellus, nec facilisis nulla placerat ut.", "created": "2021-04-15T10:13:48.172Z", "image": "blogs/Deep Code-mindfigment/images/cool4.jpeg", "author": 2}}, {"model": "blogs.blog", "pk": 2, "fields": {"title": "Good afternoon", "subtitle": "Aliquam erat volutpat", "slug": "good-afternoon", "is_active": true, "about": "Aliquam bibendum sed orci vitae scelerisque. Donec pulvinar aliquet mauris, quis cursus augue suscipit vitae. Vivamus fringilla nibh eget augue maximus, non pretium arcu pretium. Mauris tincidunt at justo et commodo. Proin posuere tellus at quam consectetur commodo. Cras dapibus, augue in faucibus ornare, nisi magna bibendum metus, egestas scelerisque justo massa in nunc. Cras vitae aliquet orci, at tincidunt ipsum. Etiam dapibus, arcu sed tristique commodo, dolor urna tristique nulla, fringilla egestas neque purus ac arcu. Nam eget consequat ligula, sit amet pellentesque ex. Donec feugiat sem libero, at facilisis turpis varius sed.", "created": "2021-04-15T10:32:38.808Z", "image": "blogs/Good afternoon-jan/images/assesment.jpeg", "author": 1}}, {"model": "blogs.blog", "pk": 3, "fields": {"title": "Animals", "subtitle": "Animal lover", "slug": "animals", "is_active": true, "about": "Suspendisse aliquam sit amet est faucibus facilisis. Suspendisse semper quam eros, sit amet gravida odio iaculis id. Nunc ac justo nisi. Integer consequat efficitur convallis. Mauris luctus lorem sit amet elit molestie, non suscipit mi dictum. Quisque lacinia non enim sed lobortis. Sed mi purus, tempor eget risus eget, fermentum volutpat nisi. Maecenas condimentum, nunc et lacinia rhoncus, libero est egestas purus, ut ultricies neque lectus sit amet nibh. Cras laoreet quis erat et lobortis.", "created": "2021-04-15T10:43:45.754Z", "image": "blogs/Animals-lisa/images/lion.jpeg", "author": 3}}, {"model": "blogs.blog", "pk": 6, "fields": {"title": "a", "subtitle": "b", "slug": "a", "is_active": false, "about": "c", "created": "2021-04-15T10:49:07.283Z", "image": "", "author": 3}}, {"model": "blogs.blog", "pk": 7, "fields": {"title": "Emergent Culture", "subtitle": "Thinking about the future of our civilization", "slug": "emergent-culture", "is_active": true, "about": "Proin euismod molestie dolor faucibus semper. Praesent quis sodales leo. Ut luctus quam cursus, dictum risus sed, condimentum augue. In id nulla quis libero ullamcorper imperdiet ac in augue. Curabitur at leo quam. Cras turpis libero, posuere id vulputate a, convallis vel felis. Nullam in nisl quis tellus egestas interdum a sit amet leo. Proin venenatis mi eu elit sodales, eget vehicula eros cursus. Aliquam augue elit, facilisis id lacinia malesuada, bibendum a massa. Donec ac dui quis libero semper facilisis.", "created": "2021-04-15T11:21:55.567Z", "image": "blogs/Emergent Culture-hania/images/cool10.jpeg", "author": 10}}, {"model": "blogs.blog", "pk": 8, "fields": {"title": "Lorem dolor", "subtitle": "Aliquam in ullamcorper neque", "slug": "lorem-dolor", "is_active": true, "about": "Cras sed tristique felis. Pellentesque habitant morbi tristique senectus et netus et malesuada fames ac turpis egestas. Quisque at justo vel ante congue faucibus. Proin sollicitudin purus vitae risus mollis porta. Mauris venenatis vitae mi vitae consectetur. Cras sed hendrerit ex, non finibus ante. Maecenas ut porttitor velit. Mauris est sapien, luctus ac erat a, dignissim cursus quam. Donec in risus enim. Ut eget aliquam tortor, et auctor massa.", "created": "2021-04-15T12:03:10.082Z", "image": "blogs/Lorem ipsum dolor-mindfigment/images/cool8.jpeg", "author": 2}}, {"model": "blogs.blog", "pk": 9, "fields": {"title": "Cras sed", "subtitle": "Pellentesque habitant morbi", "slug": "cras-sed", "is_active": true, "about": "Aliquam in ullamcorper neque. Integer luctus leo sit amet ex sagittis porttitor. Fusce et sagittis quam, a suscipit mauris. Cras sed velit congue, consectetur justo finibus, ultricies mi. Etiam ut lacinia ex, sit amet fermentum lacus. Sed eleifend, nisi sed dictum faucibus, urna augue cursus lacus, vitae vestibulum lectus nisl quis augue. Sed blandit gravida hendrerit. Morbi ut sapien odio. Quisque id condimentum dui. Curabitur bibendum a turpis ut blandit. Praesent vulputate ultrices libero, nec interdum leo bibendum eu. Curabitur a dictum enim. Praesent et nisi eu neque tincidunt ullamcorper vitae vitae nulla.", "created": "2021-04-15T12:10:01.504Z", "image": "blogs/Cras sed-tomek/images/cool15.jpeg", "author": 9}}, {"model": "blogs.blog", "pk": 10, "fields": {"title": "Maecenas ut", "subtitle": "Vivamus turpis sapien", "slug": "maecenas-ut", "is_active": true, "about": "Cras sed tristique felis. Pellentesque habitant morbi tristique senectus et netus et malesuada fames ac turpis egestas. Quisque at justo vel ante congue faucibus. Proin sollicitudin purus vitae risus mollis porta. Mauris venenatis vitae mi vitae consectetur. Cras sed hendrerit ex, non finibus ante. Maecenas ut porttitor velit. Mauris est sapien, luctus ac erat a, dignissim cursus quam. Donec in risus enim. Ut eget aliquam tortor, et auctor massa.", "created": "2021-04-15T12:28:33.932Z", "image": "blogs/Maecenas ut-mindfigment/images/tiger.jpeg", "author": 2}}, {"model": "blogs.taggedblog", "pk": 1, "fields": {"tag": 1, "blog": 1}}, {"model": "blogs.taggedblog", "pk": 2, "fields": {"tag": 2, "blog": 1}}, {"model": "blogs.taggedblog", "pk": 3, "fields": {"tag": 3, "blog": 1}}, {"model": "blogs.taggedblog", "pk": 4, "fields": {"tag": 4, "blog": 1}}, {"model": "blogs.taggedblog", "pk": 5, "fields": {"tag": 20, "blog": 2}}, {"model": "blogs.taggedblog", "pk": 6, "fields": {"tag": 21, "blog": 2}}, {"model": "blogs.taggedblog", "pk": 7, "fields": {"tag": 22, "blog": 2}}, {"model": "blogs.taggedblog", "pk": 8, "fields": {"tag": 23, "blog": 2}}, {"model": "blogs.taggedblog", "pk": 9, "fields": {"tag": 32, "blog": 3}}, {"model": "blogs.taggedblog", "pk": 10, "fields": {"tag": 33, "blog": 3}}, {"model": "blogs.taggedblog", "pk": 11, "fields": {"tag": 34, "blog": 3}}, {"model": "blogs.taggedblog", "pk": 12, "fields": {"tag": 35, "blog": 3}}, {"model": "blogs.taggedblog", "pk": 13, "fields": {"tag": 36, "blog": 3}}, {"model": "blogs.taggedblog", "pk": 14, "fields": {"tag": 37, "blog": 3}}, {"model": "blogs.taggedblog", "pk": 15, "fields": {"tag": 30, "blog": 3}}, {"model": "blogs.taggedblog", "pk": 16, "fields": {"tag": 31, "blog": 3}}, {"model": "blogs.taggedblog", "pk": 19, "fields": {"tag": 42, "blog": 6}}, {"model": "blogs.taggedblog", "pk": 20, "fields": {"tag": 13, "blog": 7}}, {"model": "blogs.taggedblog", "pk": 21, "fields": {"tag": 44, "blog": 7}}, {"model": "blogs.taggedblog", "pk": 22, "fields": {"tag": 45, "blog": 7}}, {"model": "blogs.taggedblog", "pk": 23, "fields": {"tag": 46, "blog": 7}}, {"model": "blogs.taggedblog", "pk": 24, "fields": {"tag": 49, "blog": 8}}, {"model": "blogs.taggedblog", "pk": 25, "fields": {"tag": 50, "blog": 8}}, {"model": "blogs.taggedblog", "pk": 26, "fields": {"tag": 51, "blog": 8}}, {"model": "blogs.taggedblog", "pk": 27, "fields": {"tag": 52, "blog": 8}}, {"model": "blogs.taggedblog", "pk": 28, "fields": {"tag": 51, "blog": 9}}, {"model": "blogs.taggedblog", "pk": 29, "fields": {"tag": 58, "blog": 9}}, {"model": "blogs.taggedblog", "pk": 30, "fields": {"tag": 59, "blog": 9}}, {"model": "blogs.taggedblog", "pk": 31, "fields": {"tag": 53, "blog": 9}}, {"model": "blogs.taggedblog", "pk": 32, "fields": {"tag": 32, "blog": 10}}, {"model": "blogs.taggedblog", "pk": 33, "fields": {"tag": 33, "blog": 10}}, {"model": "blogs.taggedblog", "pk": 34, "fields": {"tag": 34, "blog": 10}}, {"model": "blogs.taggedblog", "pk": 35, "fields": {"tag": 35, "blog": 10}}, {"model": "blogs.taggedblog", "pk": 36, "fields": {"tag": 36, "blog": 10}}, {"model": "blogs.taggedblog", "pk": 37, "fields": {"tag": 37, "blog": 10}}, {"model": "blogs.taggedblog", "pk": 38, "fields": {"tag": 30, "blog": 10}}, {"model": "blogs.taggedblog", "pk": 39, "fields": {"tag": 31, "blog": 10}}, {"model": "blogs.followrelationship", "pk": 2, "fields": {"profile": 3, "blog": 1, "created": "2021-04-15T10:52:25.802Z", "seen": true}}, {"model": "blogs.followrelationship", "pk": 4, "fields": {"profile": 3, "blog": 2, "created": "2021-04-15T11:07:09.265Z", "seen": false}}, {"model": "blogs.followrelationship", "pk": 5, "fields": {"profile": 2, "blog": 2, "created": "2021-04-15T11:11:17.565Z", "seen": false}}, {"model": "blogs.followrelationship", "pk": 6, "fields": {"profile": 2, "blog": 3, "created": "2021-04-15T11:11:23.675Z", "seen": false}}, {"model": "blogs.followrelationship", "pk": 7, "fields": {"profile": 4, "blog": 1, "created": "2021-04-15T11:12:12.823Z", "seen": true}}, {"model": "blogs.followrelationship", "pk": 8, "fields": {"profile": 4, "blog": 3, "created": "2021-04-15T11:12:17.815Z", "seen": false}}, {"model": "blogs.followrelationship", "pk": 9, "fields": {"profile": 5, "blog": 1, "created": "2021-04-15T11:15:06.869Z", "seen": true}}, {"model": "blogs.followrelationship", "pk": 10, "fields": {"profile": 5, "blog": 2, "created": "2021-04-15T11:15:13.568Z", "seen": false}}, {"model": "blogs.followrelationship", "pk": 12, "fields": {"profile": 6, "blog": 3, "created": "2021-04-15T11:16:13.072Z", "seen": false}}, {"model": "blogs.followrelationship", "pk": 13, "fields": {"profile": 6, "blog": 2, "created": "2021-04-15T11:16:16.843Z", "seen": false}}, {"model": "blogs.followrelationship", "pk": 14, "fields": {"profile": 6, "blog": 1, "created": "2021-04-15T11:16:20.388Z", "seen": true}}, {"model": "blogs.followrelationship", "pk": 15, "fields": {"profile": 7, "blog": 1, "created": "2021-04-15T11:17:25.345Z", "seen": true}}, {"model": "blogs.followrelationship", "pk": 16, "fields": {"profile": 7, "blog": 3, "created": "2021-04-15T11:17:30.754Z", "seen": false}}, {"model": "blogs.followrelationship", "pk": 17, "fields": {"profile": 7, "blog": 2, "created": "2021-04-15T11:17:35.682Z", "seen": false}}, {"model": "blogs.followrelationship", "pk": 18, "fields": {"profile": 8, "blog": 1, "created": "2021-04-15T11:18:58.899Z", "seen": true}}, {"model": "blogs.followrelationship", "pk": 19, "fields": {"profile": 8, "blog": 3, "created": "2021-04-15T11:19:04.162Z", "seen": false}}, {"model": "blogs.followrelationship", "pk": 20, "fields": {"profile": 9, "blog": 1, "created": "2021-04-15T11:19:32.770Z", "seen": true}}, {"model": "blogs.followrelationship", "pk": 21, "fields": {"profile": 9, "blog": 2, "created": "2021-04-15T11:19:36.412Z", "seen": false}}, {"model": "blogs.followrelationship", "pk": 22, "fields": {"profile": 9, "blog": 3, "created": "2021-04-15T11:19:40.291Z", "seen": false}}, {"model": "blogs.followrelationship", "pk": 23, "fields": {"profile": 10, "blog": 1, "created": "2021-04-15T11:20:36.938Z", "seen": true}}, {"model": "blogs.followrelationship", "pk": 24, "fields": {"profile": 11, "blog": 1, "created": "2021-04-15T12:06:03.958Z", "seen": false}}, {"model": "blogs.followrelationship", "pk": 25, "fields": {"profile": 11, "blog": 2, "created": "2021-04-15T12:06:07.698Z", "seen": false}}, {"model": "blogs.followrelationship", "pk": 27, "fields": {"profile": 11, "blog": 8, "created": "2021-04-15T12:06:15.147Z", "seen": false}}, {"model": "blogs.followrelationship", "pk": 28, "fields": {"profile": 10, "blog": 8, "created": "2021-04-15T12:07:05.057Z", "seen": false}}, {"model": "blogs.followrelationship", "pk": 29, "fields": {"profile": 9, "blog": 7, "created": "2021-04-15T12:26:54.045Z", "seen": false}}, {"model": "blogs.followrelationship", "pk": 30, "fields": {"profile": 9, "blog": 8, "created": "2021-04-15T12:27:06.298Z", "seen": false}}, {"model": "blogs.followrelationship", "pk": 31, "fields": {"profile": 12, "blog": 1, "created": "2021-04-15T12:31:11.922Z", "seen": false}}, {"model": "blogs.followrelationship", "pk": 32, "fields": {"profile": 12, "blog": 7, "created": "2021-04-15T12:31:22.054Z", "seen": false}}, {"model": "blogs.followrelationship", "pk": 33, "fields": {"profile": 12, "blog": 10, "created": "2021-04-15T12:31:28.237Z", "seen": false}}, {"model": "blogs.followrelationship", "pk": 34, "fields": {"profile": 12, "blog": 8, "created": "2021-04-15T12:31:32.800Z", "seen": false}}, {"model": "blogs.followrelationship", "pk": 35, "fields": {"profile": 13, "blog": 1, "created": "2021-04-15T12:31:58.821Z", "seen": false}}, {"model": "blogs.followrelationship", "pk": 36, "fields": {"profile": 13, "blog": 8, "created": "2021-04-15T12:32:09.365Z", "seen": false}}, {"model": "blogs.followrelationship", "pk": 37, "fields": {"profile": 10, "blog": 9, "created": "2021-04-15T12:32:37.182Z", "seen": false}}, {"model": "blogs.followrelationship", "pk": 38, "fields": {"profile": 10, "blog": 10, "created": "2021-04-15T12:32:45.605Z", "seen": false}}, {"model": "blogs.followrelationship", "pk": 39, "fields": {"profile": 14, "blog": 1, "created": "2021-04-15T12:33:31.029Z", "seen": false}}, {"model": "blogs.followrelationship", "pk": 40, "fields": {"profile": 14, "blog": 3, "created": "2021-04-15T12:33:35.167Z", "seen": false}}, {"model": "blogs.followrelationship", "pk": 41, "fields": {"profile": 14, "blog": 10, "created": "2021-04-15T12:33:39.169Z", "seen": false}}, {"model": "blogs.followrelationship", "pk": 42, "fields": {"profile": 14, "blog": 8, "created": "2021-04-15T12:33:43.125Z", "seen": false}}, {"model": "blogs.followrelationship", "pk": 43, "fields": {"profile": 15, "blog": 1, "created": "2021-04-15T12:34:11.839Z", "seen": false}}, {"model": "blogs.followrelationship", "pk": 44, "fields": {"profile": 15, "blog": 3, "created": "2021-04-15T12:34:15.599Z", "seen": false}}, {"model": "blogs.followrelationship", "pk": 45, "fields": {"profile": 15, "blog": 10, "created": "2021-04-15T12:34:18.990Z", "seen": false}}, {"model": "blogs.followrelationship", "pk": 46, "fields": {"profile": 15, "blog": 7, "created": "2021-04-15T12:34:23.575Z", "seen": false}}, {"model": "blogs.followrelationship", "pk": 47, "fields": {"profile": 11, "blog": 7, "created": "2021-04-15T12:35:47.075Z", "seen": false}}, {"model": "blogs.followrelationship", "pk": 48, "fields": {"profile": 11, "blog": 3, "created": "2021-04-15T12:35:51.244Z", "seen": false}}, {"model": "blogs.followrelationship", "pk": 49, "fields": {"profile": 16, "blog": 1, "created": "2021-04-15T12:36:34.324Z", "seen": false}}, {"model": "blogs.followrelationship", "pk": 50, "fields": {"profile": 16, "blog": 8, "created": "2021-04-15T12:36:37.883Z", "seen": false}}, {"model": "blogs.followrelationship", "pk": 51, "fields": {"profile": 16, "blog": 9, "created": "2021-04-15T12:36:50.493Z", "seen": false}}, {"model": "blogs.followrelationship", "pk": 52, "fields": {"profile": 16, "blog": 10, "created": "2021-04-15T12:36:55.583Z", "seen": false}}, {"model": "blogs.followrelationship", "pk": 53, "fields": {"profile": 17, "blog": 1, "created": "2021-04-15T12:37:41.353Z", "seen": false}}, {"model": "blogs.followrelationship", "pk": 54, "fields": {"profile": 17, "blog": 10, "created": "2021-04-15T12:37:45.424Z", "seen": false}}, {"model": "blogs.followrelationship", "pk": 55, "fields": {"profile": 17, "blog": 7, "created": "2021-04-15T12:37:49.385Z", "seen": false}}, {"model": "blogs.followrelationship", "pk": 56, "fields": {"profile": 17, "blog": 8, "created": "2021-04-15T12:37:53.933Z", "seen": false}}, {"model": "posts.post", "pk": 1, "fields": {"slug": "the-rise-and-fall-of-networks", "blog": 1, "publish": "2021-04-15T10:15:38.470Z", "created": "2021-04-15T10:15:38.496Z", "updated": "2021-04-15T10:17:47.557Z", "status": "published"}}, {"model": "posts.post", "pk": 2, "fields": {"slug": "on-thinking-and-simulated-thinking", "blog": 1, "publish": "2021-04-15T10:19:45.734Z", "created": "2021-04-15T10:19:45.749Z", "updated": "2021-04-15T10:19:45.749Z", "status": "published"}}, {"model": "posts.post", "pk": 3, "fields": {"slug": "defund-and-redesign-everything", "blog": 1, "publish": "2021-04-15T10:22:21.348Z", "created": "2021-04-15T10:22:21.370Z", "updated": "2021-04-15T10:22:21.370Z", "status": "draft"}}, {"model": "posts.post", "pk": 4, "fields": {"slug": "considering-anti-fragility", "blog": 1, "publish": "2021-04-15T10:24:00.937Z", "created": "2021-04-15T10:24:00.952Z", "updated": "2021-04-15T10:24:00.952Z", "status": "published"}}, {"model": "posts.post", "pk": 5, "fields": {"slug": "sunshine", "blog": 2, "publish": "2021-04-15T10:35:07.194Z", "created": "2021-04-15T10:35:07.212Z", "updated": "2021-04-15T10:35:07.212Z", "status": "published"}}, {"model": "posts.post", "pk": 6, "fields": {"slug": "musicality", "blog": 2, "publish": "2021-04-15T10:37:04.327Z", "created": "2021-04-15T10:37:04.343Z", "updated": "2021-04-15T10:37:04.343Z", "status": "published"}}, {"model": "posts.post", "pk": 7, "fields": {"slug": "border-coli", "blog": 3, "publish": "2021-04-15T10:45:17.688Z", "created": "2021-04-15T10:45:17.709Z", "updated": "2021-04-15T10:45:17.709Z", "status": "published"}}, {"model": "posts.post", "pk": 8, "fields": {"slug": "cats", "blog": 3, "publish": "2021-04-15T10:46:32.005Z", "created": "2021-04-15T10:46:32.020Z", "updated": "2021-04-15T10:46:32.020Z", "status": "published"}}, {"model": "posts.post", "pk": 11, "fields": {"slug": "aba", "blog": 3, "publish": "2021-04-15T10:50:46.740Z", "created": "2021-04-15T10:50:46.748Z", "updated": "2021-04-15T10:51:17.950Z", "status": "draft"}}, {"model": "posts.post", "pk": 12, "fields": {"slug": "the-third-wave-economy", "blog": 7, "publish": "2021-04-15T11:24:26.565Z", "created": "2021-04-15T11:24:26.582Z", "updated": "2021-04-15T11:24:26.582Z", "status": "published"}}, {"model": "posts.post", "pk": 13, "fields": {"slug": "aliquam-in-ullamcorper", "blog": 8, "publish": "2021-04-15T12:04:23.172Z", "created": "2021-04-15T12:04:23.189Z", "updated": "2021-04-15T12:04:23.189Z", "status": "published"}}, {"model": "posts.post", "pk": 14, "fields": {"slug": "cat-is-space", "blog": 8, "publish": "2021-04-15T12:05:11.320Z", "created": "2021-04-15T12:05:11.338Z", "updated": "2021-04-15T12:05:11.338Z", "status": "published"}}, {"model": "posts.post", "pk": 15, "fields": {"slug": "curabitur-nec-leo", "blog": 7, "publish": "2021-04-15T12:08:17.681Z", "created": "2021-04-15T12:08:17.698Z", "updated": "2021-04-15T12:08:17.698Z", "status": "published"}}, {"model": "posts.post", "pk": 16, "fields": {"slug": "lorem-ipsuma", "blog": 9, "publish": "2021-04-15T12:10:54.411Z", "created": "2021-04-15T12:10:54.422Z", "updated": "2021-04-15T12:10:54.422Z", "status": "published"}}, {"model": "posts.post", "pk": 17, "fields": {"slug": "musico", "blog": 9, "publish": "2021-04-15T12:11:56.482Z", "created": "2021-04-15T12:11:56.493Z", "updated": "2021-04-15T12:11:56.493Z", "status": "published"}}, {"model": "posts.post", "pk": 18, "fields": {"slug": "tiger", "blog": 10, "publish": "2021-04-15T12:30:24.730Z", "created": "2021-04-15T12:30:24.743Z", "updated": "2021-04-15T12:30:29.540Z", "status": "published"}}, {"model": "posts.taggedpost", "pk": 2, "fields": {"tag": 5, "post": 1}}, {"model": "posts.taggedpost", "pk": 8, "fields": {"tag": 12, "post": 1}}, {"model": "posts.taggedpost", "pk": 9, "fields": {"tag": 2, "post": 2}}, {"model": "posts.taggedpost", "pk": 10, "fields": {"tag": 3, "post": 2}}, {"model": "posts.taggedpost", "pk": 11, "fields": {"tag": 13, "post": 2}}, {"model": "posts.taggedpost", "pk": 12, "fields": {"tag": 14, "post": 2}}, {"model": "posts.taggedpost", "pk": 13, "fields": {"tag": 16, "post": 3}}, {"model": "posts.taggedpost", "pk": 14, "fields": {"tag": 17, "post": 3}}, {"model": "posts.taggedpost", "pk": 15, "fields": {"tag": 2, "post": 3}}, {"model": "posts.taggedpost", "pk": 16, "fields": {"tag": 3, "post": 3}}, {"model": "posts.taggedpost", "pk": 17, "fields": {"tag": 15, "post": 3}}, {"model": "posts.taggedpost", "pk": 18, "fields": {"tag": 18, "post": 4}}, {"model": "posts.taggedpost", "pk": 19, "fields": {"tag": 19, "post": 4}}, {"model": "posts.taggedpost", "pk": 20, "fields": {"tag": 24, "post": 5}}, {"model": "posts.taggedpost", "pk": 21, "fields": {"tag": 25, "post": 5}}, {"model": "posts.taggedpost", "pk": 22, "fields": {"tag": 26, "post": 5}}, {"model": "posts.taggedpost", "pk": 23, "fields": {"tag": 27, "post": 5}}, {"model": "posts.taggedpost", "pk": 24, "fields": {"tag": 18, "post": 6}}, {"model": "posts.taggedpost", "pk": 25, "fields": {"tag": 28, "post": 6}}, {"model": "posts.taggedpost", "pk": 26, "fields": {"tag": 29, "post": 6}}, {"model": "posts.taggedpost", "pk": 27, "fields": {"tag": 35, "post": 7}}, {"model": "posts.taggedpost", "pk": 28, "fields": {"tag": 38, "post": 7}}, {"model": "posts.taggedpost", "pk": 29, "fields": {"tag": 39, "post": 7}}, {"model": "posts.taggedpost", "pk": 30, "fields": {"tag": 40, "post": 7}}, {"model": "posts.taggedpost", "pk": 31, "fields": {"tag": 30, "post": 7}}, {"model": "posts.taggedpost", "pk": 32, "fields": {"tag": 31, "post": 7}}, {"model": "posts.taggedpost", "pk": 33, "fields": {"tag": 32, "post": 8}}, {"model": "posts.taggedpost", "pk": 34, "fields": {"tag": 37, "post": 8}}, {"model": "posts.taggedpost", "pk": 35, "fields": {"tag": 38, "post": 8}}, {"model": "posts.taggedpost", "pk": 36, "fields": {"tag": 39, "post": 8}}, {"model": "posts.taggedpost", "pk": 37, "fields": {"tag": 41, "post": 8}}, {"model": "posts.taggedpost", "pk": 39, "fields": {"tag": 48, "post": 12}}, {"model": "posts.taggedpost", "pk": 40, "fields": {"tag": 45, "post": 12}}, {"model": "posts.taggedpost", "pk": 41, "fields": {"tag": 44, "post": 12}}, {"model": "posts.taggedpost", "pk": 42, "fields": {"tag": 13, "post": 12}}, {"model": "posts.taggedpost", "pk": 43, "fields": {"tag": 46, "post": 12}}, {"model": "posts.taggedpost", "pk": 44, "fields": {"tag": 47, "post": 12}}, {"model": "posts.taggedpost", "pk": 45, "fields": {"tag": 49, "post": 13}}, {"model": "posts.taggedpost", "pk": 46, "fields": {"tag": 50, "post": 13}}, {"model": "posts.taggedpost", "pk": 47, "fields": {"tag": 49, "post": 14}}, {"model": "posts.taggedpost", "pk": 48, "fields": {"tag": 50, "post": 14}}, {"model": "posts.taggedpost", "pk": 49, "fields": {"tag": 51, "post": 14}}, {"model": "posts.taggedpost", "pk": 50, "fields": {"tag": 52, "post": 14}}, {"model": "posts.taggedpost", "pk": 51, "fields": {"tag": 37, "post": 14}}, {"model": "posts.taggedpost", "pk": 52, "fields": {"tag": 53, "post": 14}}, {"model": "posts.taggedpost", "pk": 53, "fields": {"tag": 54, "post": 14}}, {"model": "posts.taggedpost", "pk": 54, "fields": {"tag": 56, "post": 15}}, {"model": "posts.taggedpost", "pk": 55, "fields": {"tag": 57, "post": 15}}, {"model": "posts.taggedpost", "pk": 56, "fields": {"tag": 55, "post": 15}}, {"model": "posts.taggedpost", "pk": 57, "fields": {"tag": 49, "post": 16}}, {"model": "posts.taggedpost", "pk": 58, "fields": {"tag": 50, "post": 16}}, {"model": "posts.taggedpost", "pk": 59, "fields": {"tag": 51, "post": 16}}, {"model": "posts.taggedpost", "pk": 60, "fields": {"tag": 52, "post": 16}}, {"model": "posts.taggedpost", "pk": 61, "fields": {"tag": 37, "post": 16}}, {"model": "posts.taggedpost", "pk": 62, "fields": {"tag": 53, "post": 16}}, {"model": "posts.taggedpost", "pk": 63, "fields": {"tag": 54, "post": 16}}, {"model": "posts.taggedpost", "pk": 64, "fields": {"tag": 18, "post": 17}}, {"model": "posts.taggedpost", "pk": 65, "fields": {"tag": 28, "post": 17}}, {"model": "posts.taggedpost", "pk": 66, "fields": {"tag": 29, "post": 17}}, {"model": "posts.taggedpost", "pk": 67, "fields": {"tag": 33, "post": 18}}, {"model": "posts.taggedpost", "pk": 68, "fields": {"tag": 60, "post": 18}}, {"model": "posts.taggedpost", "pk": 69, "fields": {"tag": 37, "post": 18}}, {"model": "posts.section", "pk": 6, "fields": {"post": 1, "content_type": 18, "object_id": 1, "order": 0}}, {"model": "posts.section", "pk": 37, "fields": {"post": 1, "content_type": 14, "object_id": 8, "order": 1}}, {"model": "posts.section", "pk": 38, "fields": {"post": 1, "content_type": 16, "object_id": 22, "order": 2}}, {"model": "posts.section", "pk": 39, "fields": {"post": 1, "content_type": 16, "object_id": 23, "order": 3}}, {"model": "posts.section", "pk": 40, "fields": {"post": 1, "content_type": 16, "object_id": 24, "order": 5}}, {"model": "posts.section", "pk": 41, "fields": {"post": 1, "content_type": 17, "object_id": 8, "order": 4}}, {"model": "posts.section", "pk": 42, "fields": {"post": 2, "content_type": 14, "object_id": 9, "order": 0}}, {"model": "posts.section", "pk": 43, "fields": {"post": 2, "content_type": 15, "object_id": 1, "order": 5}}, {"model": "posts.section", "pk": 44, "fields": {"post": 2, "content_type": 16, "object_id": 25, "order": 1}}, {"model": "posts.section", "pk": 45, "fields": {"post": 2, "content_type": 16, "object_id": 26, "order": 2}}, {"model": "posts.section", "pk": 46, "fields": {"post": 2, "content_type": 16, "object_id": 27, "order": 3}}, {"model": "posts.section", "pk": 47, "fields": {"post": 2, "content_type": 16, "object_id": 28, "order": 6}}, {"model": "posts.section", "pk": 48, "fields": {"post": 2, "content_type": 18, "object_id": 2, "order": 4}}, {"model": "posts.section", "pk": 49, "fields": {"post": 3, "content_type": 14, "object_id": 10, "order": 0}}, {"model": "posts.section", "pk": 50, "fields": {"post": 3, "content_type": 15, "object_id": 2, "order": 4}}, {"model": "posts.section", "pk": 51, "fields": {"post": 3, "content_type": 15, "object_id": 3, "order": 7}}, {"model": "posts.section", "pk": 52, "fields": {"post": 3, "content_type": 16, "object_id": 29, "order": 2}}, {"model": "posts.section", "pk": 53, "fields": {"post": 3, "content_type": 16, "object_id": 30, "order": 3}}, {"model": "posts.section", "pk": 54, "fields": {"post": 3, "content_type": 16, "object_id": 31, "order": 5}}, {"model": "posts.section", "pk": 55, "fields": {"post": 3, "content_type": 16, "object_id": 32, "order": 6}}, {"model": "posts.section", "pk": 56, "fields": {"post": 3, "content_type": 16, "object_id": 33, "order": 8}}, {"model": "posts.section", "pk": 57, "fields": {"post": 3, "content_type": 16, "object_id": 34, "order": 10}}, {"model": "posts.section", "pk": 58, "fields": {"post": 3, "content_type": 17, "object_id": 9, "order": 9}}, {"model": "posts.section", "pk": 59, "fields": {"post": 3, "content_type": 18, "object_id": 3, "order": 1}}, {"model": "posts.section", "pk": 60, "fields": {"post": 4, "content_type": 14, "object_id": 11, "order": 1}}, {"model": "posts.section", "pk": 61, "fields": {"post": 4, "content_type": 15, "object_id": 4, "order": 3}}, {"model": "posts.section", "pk": 62, "fields": {"post": 4, "content_type": 16, "object_id": 35, "order": 2}}, {"model": "posts.section", "pk": 63, "fields": {"post": 4, "content_type": 16, "object_id": 36, "order": 4}}, {"model": "posts.section", "pk": 64, "fields": {"post": 4, "content_type": 18, "object_id": 4, "order": 0}}, {"model": "posts.section", "pk": 65, "fields": {"post": 5, "content_type": 14, "object_id": 12, "order": 1}}, {"model": "posts.section", "pk": 66, "fields": {"post": 5, "content_type": 15, "object_id": 5, "order": 3}}, {"model": "posts.section", "pk": 67, "fields": {"post": 5, "content_type": 16, "object_id": 37, "order": 2}}, {"model": "posts.section", "pk": 68, "fields": {"post": 5, "content_type": 16, "object_id": 38, "order": 5}}, {"model": "posts.section", "pk": 69, "fields": {"post": 5, "content_type": 17, "object_id": 10, "order": 4}}, {"model": "posts.section", "pk": 70, "fields": {"post": 5, "content_type": 18, "object_id": 5, "order": 0}}, {"model": "posts.section", "pk": 71, "fields": {"post": 6, "content_type": 14, "object_id": 13, "order": 0}}, {"model": "posts.section", "pk": 72, "fields": {"post": 6, "content_type": 15, "object_id": 6, "order": 2}}, {"model": "posts.section", "pk": 73, "fields": {"post": 6, "content_type": 16, "object_id": 39, "order": 3}}, {"model": "posts.section", "pk": 74, "fields": {"post": 6, "content_type": 16, "object_id": 40, "order": 5}}, {"model": "posts.section", "pk": 75, "fields": {"post": 6, "content_type": 17, "object_id": 11, "order": 4}}, {"model": "posts.section", "pk": 76, "fields": {"post": 6, "content_type": 18, "object_id": 6, "order": 1}}, {"model": "posts.section", "pk": 77, "fields": {"post": 7, "content_type": 14, "object_id": 14, "order": 1}}, {"model": "posts.section", "pk": 78, "fields": {"post": 7, "content_type": 15, "object_id": 7, "order": 2}}, {"model": "posts.section", "pk": 79, "fields": {"post": 7, "content_type": 16, "object_id": 41, "order": 3}}, {"model": "posts.section", "pk": 80, "fields": {"post": 7, "content_type": 16, "object_id": 42, "order": 4}}, {"model": "posts.section", "pk": 81, "fields": {"post": 7, "content_type": 16, "object_id": 43, "order": 6}}, {"model": "posts.section", "pk": 82, "fields": {"post": 7, "content_type": 17, "object_id": 12, "order": 5}}, {"model": "posts.section", "pk": 83, "fields": {"post": 7, "content_type": 18, "object_id": 7, "order": 0}}, {"model": "posts.section", "pk": 84, "fields": {"post": 8, "content_type": 14, "object_id": 15, "order": 0}}, {"model": "posts.section", "pk": 85, "fields": {"post": 8, "content_type": 16, "object_id": 44, "order": 1}}, {"model": "posts.section", "pk": 86, "fields": {"post": 8, "content_type": 16, "object_id": 45, "order": 4}}, {"model": "posts.section", "pk": 87, "fields": {"post": 8, "content_type": 17, "object_id": 13, "order": 3}}, {"model": "posts.section", "pk": 88, "fields": {"post": 8, "content_type": 18, "object_id": 8, "order": 2}}, {"model": "posts.section", "pk": 97, "fields": {"post": 11, "content_type": 14, "object_id": 23, "order": 0}}, {"model": "posts.section", "pk": 98, "fields": {"post": 11, "content_type": 15, "object_id": 8, "order": 1}}, {"model": "posts.section", "pk": 99, "fields": {"post": 12, "content_type": 14, "object_id": 24, "order": 0}}, {"model": "posts.section", "pk": 100, "fields": {"post": 12, "content_type": 15, "object_id": 9, "order": 3}}, {"model": "posts.section", "pk": 101, "fields": {"post": 12, "content_type": 16, "object_id": 46, "order": 2}}, {"model": "posts.section", "pk": 102, "fields": {"post": 12, "content_type": 16, "object_id": 47, "order": 4}}, {"model": "posts.section", "pk": 103, "fields": {"post": 12, "content_type": 16, "object_id": 48, "order": 7}}, {"model": "posts.section", "pk": 104, "fields": {"post": 12, "content_type": 17, "object_id": 14, "order": 5}}, {"model": "posts.section", "pk": 105, "fields": {"post": 12, "content_type": 18, "object_id": 10, "order": 1}}, {"model": "posts.section", "pk": 106, "fields": {"post": 12, "content_type": 18, "object_id": 11, "order": 6}}, {"model": "posts.section", "pk": 107, "fields": {"post": 12, "content_type": 18, "object_id": 12, "order": 8}}, {"model": "posts.section", "pk": 108, "fields": {"post": 13, "content_type": 14, "object_id": 25, "order": 1}}, {"model": "posts.section", "pk": 109, "fields": {"post": 13, "content_type": 16, "object_id": 49, "order": 2}}, {"model": "posts.section", "pk": 110, "fields": {"post": 13, "content_type": 16, "object_id": 50, "order": 4}}, {"model": "posts.section", "pk": 111, "fields": {"post": 13, "content_type": 17, "object_id": 15, "order": 3}}, {"model": "posts.section", "pk": 112, "fields": {"post": 13, "content_type": 18, "object_id": 13, "order": 0}}, {"model": "posts.section", "pk": 113, "fields": {"post": 14, "content_type": 14, "object_id": 26, "order": 1}}, {"model": "posts.section", "pk": 114, "fields": {"post": 14, "content_type": 15, "object_id": 10, "order": 3}}, {"model": "posts.section", "pk": 115, "fields": {"post": 14, "content_type": 16, "object_id": 51, "order": 2}}, {"model": "posts.section", "pk": 116, "fields": {"post": 14, "content_type": 16, "object_id": 52, "order": 4}}, {"model": "posts.section", "pk": 117, "fields": {"post": 14, "content_type": 18, "object_id": 14, "order": 0}}, {"model": "posts.section", "pk": 118, "fields": {"post": 15, "content_type": 14, "object_id": 27, "order": 1}}, {"model": "posts.section", "pk": 119, "fields": {"post": 15, "content_type": 15, "object_id": 11, "order": 2}}, {"model": "posts.section", "pk": 120, "fields": {"post": 15, "content_type": 16, "object_id": 53, "order": 4}}, {"model": "posts.section", "pk": 121, "fields": {"post": 15, "content_type": 17, "object_id": 16, "order": 3}}, {"model": "posts.section", "pk": 122, "fields": {"post": 15, "content_type": 18, "object_id": 15, "order": 0}}, {"model": "posts.section", "pk": 123, "fields": {"post": 16, "content_type": 14, "object_id": 28, "order": 1}}, {"model": "posts.section", "pk": 124, "fields": {"post": 16, "content_type": 15, "object_id": 12, "order": 2}}, {"model": "posts.section", "pk": 125, "fields": {"post": 16, "content_type": 16, "object_id": 54, "order": 3}}, {"model": "posts.section", "pk": 126, "fields": {"post": 16, "content_type": 18, "object_id": 16, "order": 0}}, {"model": "posts.section", "pk": 127, "fields": {"post": 17, "content_type": 14, "object_id": 29, "order": 0}}, {"model": "posts.section", "pk": 128, "fields": {"post": 17, "content_type": 15, "object_id": 13, "order": 3}}, {"model": "posts.section", "pk": 129, "fields": {"post": 17, "content_type": 16, "object_id": 55, "order": 2}}, {"model": "posts.section", "pk": 130, "fields": {"post": 17, "content_type": 16, "object_id": 56, "order": 4}}, {"model": "posts.section", "pk": 131, "fields": {"post": 17, "content_type": 16, "object_id": 57, "order": 6}}, {"model": "posts.section", "pk": 132, "fields": {"post": 17, "content_type": 17, "object_id": 17, "order": 5}}, {"model": "posts.section", "pk": 133, "fields": {"post": 17, "content_type": 18, "object_id": 17, "order": 1}}, {"model": "posts.section", "pk": 139, "fields": {"post": 18, "content_type": 18, "object_id": 18, "order": 0}}, {"model": "posts.section", "pk": 140, "fields": {"post": 18, "content_type": 14, "object_id": 31, "order": 1}}, {"model": "posts.section", "pk": 141, "fields": {"post": 18, "content_type": 15, "object_id": 15, "order": 3}}, {"model": "posts.section", "pk": 142, "fields": {"post": 18, "content_type": 16, "object_id": 60, "order": 4}}, {"model": "posts.section", "pk": 143, "fields": {"post": 18, "content_type": 16, "object_id": 61, "order": 5}}, {"model": "posts.section", "pk": 144, "fields": {"post": 18, "content_type": 17, "object_id": 19, "order": 2}}, {"model": "posts.title", "pk": 1, "fields": {"title": "The Rise and Fall of Networks"}}, {"model": "posts.title", "pk": 4, "fields": {"title": "The Rise and Fall of Networks"}}, {"model": "posts.title", "pk": 5, "fields": {"title": "The Rise and Fall of Networks"}}, {"model": "posts.title", "pk": 6, "fields": {"title": "The Rise and Fall of Networks"}}, {"model": "posts.title", "pk": 7, "fields": {"title": "The Rise and Fall of Networks"}}, {"model": "posts.title", "pk": 8, "fields": {"title": "The Rise and Fall of Networks"}}, {"model": "posts.title", "pk": 9, "fields": {"title": "On Thinking and Simulated Thinking"}}, {"model": "posts.title", "pk": 10, "fields": {"title": "Defund (and redesign) everything."}}, {"model": "posts.title", "pk": 11, "fields": {"title": "Considering Anti-Fragility"}}, {"model": "posts.title", "pk": 12, "fields": {"title": "Sunshine"}}, {"model": "posts.title", "pk": 13, "fields": {"title": "Musicality"}}, {"model": "posts.title", "pk": 14, "fields": {"title": "Border coli"}}, {"model": "posts.title", "pk": 15, "fields": {"title": "Cats"}}, {"model": "posts.title", "pk": 16, "fields": {"title": "b"}}, {"model": "posts.title", "pk": 17, "fields": {"title": "a"}}, {"model": "posts.title", "pk": 18, "fields": {"title": "a"}}, {"model": "posts.title", "pk": 19, "fields": {"title": "ab"}}, {"model": "posts.title", "pk": 20, "fields": {"title": "ab"}}, {"model": "posts.title", "pk": 21, "fields": {"title": "ab"}}, {"model": "posts.title", "pk": 22, "fields": {"title": "ab"}}, {"model": "posts.title", "pk": 23, "fields": {"title": "aba"}}, {"model": "posts.title", "pk": 24, "fields": {"title": "The Third Wave Economy"}}, {"model": "posts.title", "pk": 25, "fields": {"title": "Aliquam in ullamcorper"}}, {"model": "posts.title", "pk": 26, "fields": {"title": "Cat is space"}}, {"model": "posts.title", "pk": 27, "fields": {"title": "Curabitur nec leo"}}, {"model": "posts.title", "pk": 28, "fields": {"title": "Lorem ipsuma"}}, {"model": "posts.title", "pk": 29, "fields": {"title": "Musico"}}, {"model": "posts.title", "pk": 30, "fields": {"title": "Tiger"}}, {"model": "posts.title", "pk": 31, "fields": {"title": "Tiger"}}, {"model": "posts.subtitle", "pk": 1, "fields": {"subtitle": "Lorem Ipsum"}}, {"model": "posts.subtitle", "pk": 2, "fields": {"subtitle": "Moving beyond corrupt and obsolete institutions"}}, {"model": "posts.subtitle", "pk": 3, "fields": {"subtitle": "Moving to Local Experimentation"}}, {"model": "posts.subtitle", "pk": 4, "fields": {"subtitle": "Transmogrification"}}, {"model": "posts.subtitle", "pk": 5, "fields": {"subtitle": "Vestibulum faucibus tellus felis"}}, {"model": "posts.subtitle", "pk": 6, "fields": {"subtitle": "Donec efficitur tellus diam"}}, {"model": "posts.subtitle", "pk": 7, "fields": {"subtitle": "Lorem ipsum dolor sit amet"}}, {"model": "posts.subtitle", "pk": 8, "fields": {"subtitle": "ff"}}, {"model": "posts.subtitle", "pk": 9, "fields": {"subtitle": "The First Wave: Massification"}}, {"model": "posts.subtitle", "pk": 10, "fields": {"subtitle": "Integer luctus leo sit amet ex sagittis porttitor. Fusce et sagittis."}}, {"model": "posts.subtitle", "pk": 11, "fields": {"subtitle": "Nunc sit amet purus"}}, {"model": "posts.subtitle", "pk": 12, "fields": {"subtitle": "Lorem ipsum"}}, {"model": "posts.subtitle", "pk": 13, "fields": {"subtitle": "Aliquam placerat"}}, {"model": "posts.subtitle", "pk": 14, "fields": {"subtitle": "Tigero"}}, {"model": "posts.subtitle", "pk": 15, "fields": {"subtitle": "Tigero"}}, {"model": "posts.text", "pk": 1, "fields": {"text": "The following has long struck me as obvious, but it occurred to me yesterday that it might not be. So I share it herein."}}, {"model": "posts.text", "pk": 2, "fields": {"text": "We are aware of the phenomenon called Metcalfes Law. Roughly that the value of a network is proportional to the square of the number of users connected to the system. This network effect is perhaps the most important value driver in the world today. Because the value of the network increases with the number of people on the network, there is a self fulfilling prophecy. Past a critical point the biggest network is more attractive than any other competing network. Which means that it gets more users. Which means that it gets more valuable. Which means that it is more attractive."}}, {"model": "posts.text", "pk": 3, "fields": {"text": "Note that the extraction of value does not necessarily come in the form of optimizing for profit. To be sure, much of it does  things like increasing the number and intrusiveness of ads often shows up  but a lot of the extraction comes in other forms. Things like reduced customer service. Or increasing use of the platform to accomplish goals that are anti-valued by the users. Of particular note is the increasing intrusiveness of the platform itself  sucking value out of the whole of the users life and into the platform."}}, {"model": "posts.text", "pk": 10, "fields": {"text": "The following has long struck me as obvious, but it occurred to me yesterday that it might not be. So I share it herein."}}, {"model": "posts.text", "pk": 11, "fields": {"text": "We are aware of the phenomenon called Metcalfes Law. Roughly that the value of a network is proportional to the square of the number of users connected to the system. This network effect is perhaps the most important value driver in the world today. Because the value of the network increases with the number of people on the network, there is a self fulfilling prophecy. Past a critical point the biggest network is more attractive than any other competing network. Which means that it gets more users. Which means that it gets more valuable. Which means that it is more attractive."}}, {"model": "posts.text", "pk": 12, "fields": {"text": "Note that the extraction of value does not necessarily come in the form of optimizing for profit. To be sure, much of it does  things like increasing the number and intrusiveness of ads often shows up  but a lot of the extraction comes in other forms. Things like reduced customer service. Or increasing use of the platform to accomplish goals that are anti-valued by the users. Of particular note is the increasing intrusiveness of the platform itself  sucking value out of the whole of the users life and into the platform."}}, {"model": "posts.text", "pk": 13, "fields": {"text": "The following has long struck me as obvious, but it occurred to me yesterday that it might not be. So I share it herein."}}, {"model": "posts.text", "pk": 14, "fields": {"text": "We are aware of the phenomenon called Metcalfes Law. Roughly that the value of a network is proportional to the square of the number of users connected to the system. This network effect is perhaps the most important value driver in the world today. Because the value of the network increases with the number of people on the network, there is a self fulfilling prophecy. Past a critical point the biggest network is more attractive than any other competing network. Which means that it gets more users. Which means that it gets more valuable. Which means that it is more attractive."}}, {"model": "posts.text", "pk": 15, "fields": {"text": "Note that the extraction of value does not necessarily come in the form of optimizing for profit. To be sure, much of it does  things like increasing the number and intrusiveness of ads often shows up  but a lot of the extraction comes in other forms. Things like reduced customer service. Or increasing use of the platform to accomplish goals that are anti-valued by the users. Of particular note is the increasing intrusiveness of the platform itself  sucking value out of the whole of the users life and into the platform."}}, {"model": "posts.text", "pk": 16, "fields": {"text": "The following has long struck me as obvious, but it occurred to me yesterday that it might not be. So I share it herein."}}, {"model": "posts.text", "pk": 17, "fields": {"text": "We are aware of the phenomenon called Metcalfes Law. Roughly that the value of a network is proportional to the square of the number of users connected to the system. This network effect is perhaps the most important value driver in the world today. Because the value of the network increases with the number of people on the network, there is a self fulfilling prophecy. Past a critical point the biggest network is more attractive than any other competing network. Which means that it gets more users. Which means that it gets more valuable. Which means that it is more attractive."}}, {"model": "posts.text", "pk": 18, "fields": {"text": "Note that the extraction of value does not necessarily come in the form of optimizing for profit. To be sure, much of it does  things like increasing the number and intrusiveness of ads often shows up  but a lot of the extraction comes in other forms. Things like reduced customer service. Or increasing use of the platform to accomplish goals that are anti-valued by the users. Of particular note is the increasing intrusiveness of the platform itself  sucking value out of the whole of the users life and into the platform."}}, {"model": "posts.text", "pk": 19, "fields": {"text": "The following has long struck me as obvious, but it occurred to me yesterday that it might not be. So I share it herein."}}, {"model": "posts.text", "pk": 20, "fields": {"text": "We are aware of the phenomenon called Metcalfes Law. Roughly that the value of a network is proportional to the square of the number of users connected to the system. This network effect is perhaps the most important value driver in the world today. Because the value of the network increases with the number of people on the network, there is a self fulfilling prophecy. Past a critical point the biggest network is more attractive than any other competing network. Which means that it gets more users. Which means that it gets more valuable. Which means that it is more attractive."}}, {"model": "posts.text", "pk": 21, "fields": {"text": "Note that the extraction of value does not necessarily come in the form of optimizing for profit. To be sure, much of it does  things like increasing the number and intrusiveness of ads often shows up  but a lot of the extraction comes in other forms. Things like reduced customer service. Or increasing use of the platform to accomplish goals that are anti-valued by the users. Of particular note is the increasing intrusiveness of the platform itself  sucking value out of the whole of the users life and into the platform."}}, {"model": "posts.text", "pk": 22, "fields": {"text": "The following has long struck me as obvious, but it occurred to me yesterday that it might not be. So I share it herein."}}, {"model": "posts.text", "pk": 23, "fields": {"text": "We are aware of the phenomenon called Metcalfes Law. Roughly that the value of a network is proportional to the square of the number of users connected to the system. This network effect is perhaps the most important value driver in the world today. Because the value of the network increases with the number of people on the network, there is a self fulfilling prophecy. Past a critical point the biggest network is more attractive than any other competing network. Which means that it gets more users. Which means that it gets more valuable. Which means that it is more attractive."}}, {"model": "posts.text", "pk": 24, "fields": {"text": "Note that the extraction of value does not necessarily come in the form of optimizing for profit. To be sure, much of it does  things like increasing the number and intrusiveness of ads often shows up  but a lot of the extraction comes in other forms. Things like reduced customer service. Or increasing use of the platform to accomplish goals that are anti-valued by the users. Of particular note is the increasing intrusiveness of the platform itself  sucking value out of the whole of the users life and into the platform."}}, {"model": "posts.text", "pk": 25, "fields": {"text": "I would like to explore what I think is a useful distinction between thinking and a quite different phenomenon that might be best referred to as a simulation of thinking."}}, {"model": "posts.text", "pk": 26, "fields": {"text": "First a quick clarification of two core concepts. This is easy."}}, {"model": "posts.text", "pk": 27, "fields": {"text": "If you remember learning how to drive a car or ride a bike, you likely recall transitioning from the uncertain, unsure, exploratory moments of early learning to the increasingly effortless, unconscious, process that now allows you to drive from work to home without even noticing that you did so."}}, {"model": "posts.text", "pk": 28, "fields": {"text": "Sed quis mauris sed ipsum varius feugiat. Phasellus diam nunc, egestas eu purus id, condimentum laoreet erat. Maecenas nec sagittis velit, quis efficitur nisi. Vivamus commodo sollicitudin mi, fringilla gravida leo imperdiet in. Etiam sapien velit, porta sed porttitor sit amet, placerat sit amet nulla. Duis et ante nec eros sodales venenatis. Donec ac fermentum eros, sed sodales mauris. Curabitur molestie elit magna, in vehicula neque laoreet vitae."}}, {"model": "posts.text", "pk": 29, "fields": {"text": "We have now reached a very interesting point. At least at the narrative level we have reached the point that defunding the police is a real proposition. It even seems plausible that some jurisdictions (most notably Minneapolis) will do it. Of course, it remains to be seen how much actions meet words, but nonetheless this is quite a change."}}, {"model": "posts.text", "pk": 30, "fields": {"text": "I would like to propose that this idea is very good in two ways and very bad in one. And I would like to suggest how to get the best out of it."}}, {"model": "posts.text", "pk": 31, "fields": {"text": "Broadly speaking, policing in the United States has become a bad combination of corrupt and obsolete. This is not, however, a problem that is either exclusive or unique to policing. Quite the opposite."}}, {"model": "posts.text", "pk": 32, "fields": {"text": "When I say corrupt here, I do not necessarily mean things like bribery, brutality and self dealing (though to be sure these are widely present). Corruption at its most fundamental is the simple consequence of time and entropy working at things. An old rubber hose left out in the sun becomes corrupt and unable to hold water. Our vascular system becomes caked with plaque. Our institutions become self-serving, bloated, out of touch, and inhumane. Time is corrosive and the forces that tend to push all institutions into corruption have been hard at work across every aspect of our social field for decades.\r\n\r\nAt the same time, the context in which those institutions were born is also far in our past. Both the problems and possibilities of 2020 are very different to those of 1960. What was a good car, phone or computer in 1960 is now a relic. Our social institutions are likewise relics of a past remembered by only the eldest among us. Designed by and for a different age.\r\n\r\nIt is not stretching the truth to say that effectively all of our social institutions are a bad combination of corrupt and obsolete. Our education system. Our healthcare system. Our food production systems. Our banking and finance systems. Our journalism and science systems. Our political systems.\r\n\r\nThey are all beyond the pale and they all should be defunded and redesigned."}}, {"model": "posts.text", "pk": 33, "fields": {"text": "One extremely good aspect of defund the police is that it appears to be substantially increasing the consciousness of what should be (and to a significant extent used to be) a strength of the United States: different approaches for different people in different places. The key principle here is called subsidiarity."}}, {"model": "posts.text", "pk": 34, "fields": {"text": "Minneapolis can experiment with one model of policing and Atlanta and Dallas and Salt Lake City can experiment with others. This is a really healthy approach. First, we know that what works in one place (like pine trees growing in the mountains) might not work in another place (like the desert). Second, when it comes to things as complex as human society, we should always proceed with humility. We really dont know how our best intentions will actually play out. Often the only way to learn is to try different approaches and then try and select the best while pruning away the worst."}}, {"model": "posts.text", "pk": 35, "fields": {"text": "Nassim Taleb famously brought the notion of anti-fragile into our consciousness in his book by that name.\r\n\r\nI recently noticed that I have a conception of that notion that might bear sharing. I think this can be done somewhat quickly, so here goes.\r\n\r\nFirst as a caveat, herein I will be using the term anti-fragile to mean that which is being described here. While this might be fully the same as the notion of anti-fragile introduced by Taleb, it might also only represent an aspect of that larger notion."}}, {"model": "posts.text", "pk": 36, "fields": {"text": "To begin, consider a pocket watch. More specifically, consider the spring of a pocket watch. Notice that you wind the watch, applying some amount of mechanical energy (likely sourced by converting ATP into muscle contractions). And that this same energy is then converted into the rotational movement of the hands over some duration. This is conversion. Energy in, energy out. In point of fact, of course, by the laws of thermodynamics, less energy out."}}, {"model": "posts.text", "pk": 37, "fields": {"text": "In auctor pulvinar lobortis. Nam ac urna mauris. Cras a varius felis, vitae auctor enim. Phasellus venenatis rutrum pharetra. Suspendisse potenti. Sed sit amet elit vel libero varius condimentum. Curabitur suscipit, metus quis bibendum tempus, urna tellus efficitur orci, elementum placerat orci risus in augue. Curabitur tellus tortor, posuere ac ultricies in, imperdiet eget sapien. Curabitur mattis imperdiet condimentum."}}, {"model": "posts.text", "pk": 38, "fields": {"text": "Curabitur magna sem, bibendum et tellus eu, tempus fermentum felis. Integer volutpat mattis magna, at tincidunt ligula condimentum id. Etiam bibendum efficitur ornare. Ut viverra mattis magna, ac sollicitudin enim. Vivamus ante leo, sollicitudin at nisl a, laoreet aliquet ipsum. Quisque facilisis libero pulvinar, tempor nisi in, tincidunt nunc. Proin eleifend sit amet sapien sed rhoncus."}}, {"model": "posts.text", "pk": 39, "fields": {"text": "Donec efficitur tellus diam, sit amet aliquet sem pulvinar eu. Aliquam ullamcorper, risus sed suscipit dictum, lorem libero consequat elit, et imperdiet lorem leo quis erat. Nam eu lacinia quam. Fusce a tellus varius, mollis dolor ut, aliquet sapien. Ut tempor hendrerit placerat. In quis tincidunt mi. Nam vel maximus lacus, id tincidunt orci. Cras consectetur vel orci in gravida. Curabitur lorem libero, dignissim in libero id, blandit pellentesque mi."}}, {"model": "posts.text", "pk": 40, "fields": {"text": "Lorem ipsum dolor sit amet, consectetur adipiscing elit. Donec sit amet velit non ligula ultricies efficitur. Maecenas dapibus eget tortor ut porta. Aliquam nisl odio, semper et nisl quis, vulputate semper augue. Vivamus sed mauris in elit convallis posuere. Nulla rutrum tincidunt tincidunt. Nunc interdum lacus iaculis, auctor nulla sit amet, dignissim elit. Fusce tincidunt interdum eleifend. Donec quis lorem id justo fermentum hendrerit. In interdum leo aliquet consectetur feugiat. Curabitur condimentum condimentum congue. Vivamus ut nunc vitae tellus elementum malesuada. Phasellus sit amet eleifend nisl. Nunc interdum commodo tortor, lacinia dictum dui rutrum id. Integer commodo sollicitudin erat et rutrum. Nullam elementum, massa eget viverra tempor, tortor velit congue dui, sit amet finibus lorem risus ut magna. Nullam sem mauris, molestie suscipit dolor ac, porttitor faucibus magna."}}, {"model": "posts.text", "pk": 41, "fields": {"text": "Suspendisse aliquam sit amet est faucibus facilisis. Suspendisse semper quam eros, sit amet gravida odio iaculis id. Nunc ac justo nisi. Integer consequat efficitur convallis. Mauris luctus lorem sit amet elit molestie, non suscipit mi dictum. Quisque lacinia non enim sed lobortis. Sed mi purus, tempor eget risus eget, fermentum volutpat nisi. Maecenas condimentum, nunc et lacinia rhoncus, libero est egestas purus, ut ultricies neque lectus sit amet nibh. Cras laoreet quis erat et lobortis."}}, {"model": "posts.text", "pk": 42, "fields": {"text": "Suspendisse aliquam sit amet est faucibus facilisis. Suspendisse semper quam eros, sit amet gravida odio iaculis id. Nunc ac justo nisi. Integer consequat efficitur convallis. Mauris luctus lorem sit amet elit molestie, non suscipit mi dictum. Quisque lacinia non enim sed lobortis. Sed mi purus, tempor eget risus eget, fermentum volutpat nisi. Maecenas condimentum, nunc et lacinia rhoncus, libero est egestas purus, ut ultricies neque lectus sit amet nibh. Cras laoreet quis erat et lobortis."}}, {"model": "posts.text", "pk": 43, "fields": {"text": "Suspendisse aliquam sit amet est faucibus facilisis. Suspendisse semper quam eros, sit amet gravida odio iaculis id. Nunc ac justo nisi. Integer consequat efficitur convallis. Mauris luctus lorem sit amet elit molestie, non suscipit mi dictum. Quisque lacinia non enim sed lobortis. Sed mi purus, tempor eget risus eget, fermentum volutpat nisi. Maecenas condimentum, nunc et lacinia rhoncus, libero est egestas purus, ut ultricies neque lectus sit amet nibh. Cras laoreet quis erat et lobortis."}}, {"model": "posts.text", "pk": 44, "fields": {"text": "Suspendisse aliquam sit amet est faucibus facilisis. Suspendisse semper quam eros, sit amet gravida odio iaculis id. Nunc ac justo nisi. Integer consequat efficitur convallis. Mauris luctus lorem sit amet elit molestie, non suscipit mi dictum. Quisque lacinia non enim sed lobortis. Sed mi purus, tempor eget risus eget, fermentum volutpat nisi. Maecenas condimentum, nunc et lacinia rhoncus, libero est egestas purus, ut ultricies neque lectus sit amet nibh. Cras laoreet quis erat et lobortis."}}, {"model": "posts.text", "pk": 45, "fields": {"text": "Suspendisse aliquam sit amet est faucibus facilisis. Suspendisse semper quam eros, sit amet gravida odio iaculis id. Nunc ac justo nisi. Integer consequat efficitur convallis. Mauris luctus lorem sit amet elit molestie, non suscipit mi dictum. Quisque lacinia non enim sed lobortis. Sed mi purus, tempor eget risus eget, fermentum volutpat nisi. Maecenas condimentum, nunc et lacinia rhoncus, libero est egestas purus, ut ultricies neque lectus sit amet nibh. Cras laoreet quis erat et lobortis."}}, {"model": "posts.text", "pk": 46, "fields": {"text": "If you are at all into coffee, then you are probably aware of something called Third Wave coffee. Coined in 2002, Third Wave Coffee refers to a current movement to produce high-quality coffee, and consider coffee as an artisanal foodstuff, like wine, rather than a commodity. This involves improvements at all stages of production, from improving coffee plant growing, harvesting, and processing, to stronger relationships between coffee growers, traders, and roasters, to higher quality and fresh roasting, at times called microroasting (by analogy with microbrew beer), to skilled brewing."}}, {"model": "posts.text", "pk": 47, "fields": {"text": "I would like to propose that Third Wave Coffee is emblematic of a much larger movement in our global economy. In many ways it is the embodiment of and answer to many of the ideas presented by Toffler back in 1980. We are past theory and now live firmly in the rising of the Third Wave Economy and can take a richer and more nuanced look at what is really emerging."}}, {"model": "posts.text", "pk": 48, "fields": {"text": "Proin euismod molestie dolor faucibus semper. Praesent quis sodales leo. Ut luctus quam cursus, dictum risus sed, condimentum augue. In id nulla quis libero ullamcorper imperdiet ac in augue. Curabitur at leo quam. Cras turpis libero, posuere id vulputate a, convallis vel felis. Nullam in nisl quis tellus egestas interdum a sit amet leo. Proin venenatis mi eu elit sodales, eget vehicula eros cursus. Aliquam augue elit, facilisis id lacinia malesuada, bibendum a massa. Donec ac dui quis libero semper facilisis."}}, {"model": "posts.text", "pk": 49, "fields": {"text": "Aliquam in ullamcorper neque. Integer luctus leo sit amet ex sagittis porttitor. Fusce et sagittis quam, a suscipit mauris. Cras sed velit congue, consectetur justo finibus, ultricies mi. Etiam ut lacinia ex, sit amet fermentum lacus. Sed eleifend, nisi sed dictum faucibus, urna augue cursus lacus, vitae vestibulum lectus nisl quis augue. Sed blandit gravida hendrerit. Morbi ut sapien odio. Quisque id condimentum dui. Curabitur bibendum a turpis ut blandit. Praesent vulputate ultrices libero, nec interdum leo bibendum eu. Curabitur a dictum enim. Praesent et nisi eu neque tincidunt ullamcorper vitae vitae nulla."}}, {"model": "posts.text", "pk": 50, "fields": {"text": "Aliquam in ullamcorper neque. Integer luctus leo sit amet ex sagittis porttitor. Fusce et sagittis quam, a suscipit mauris. Cras sed velit congue, consectetur justo finibus, ultricies mi. Etiam ut lacinia ex, sit amet fermentum lacus. Sed eleifend, nisi sed dictum faucibus, urna augue cursus lacus, vitae vestibulum lectus nisl quis augue. Sed blandit gravida hendrerit. Morbi ut sapien odio. Quisque id condimentum dui. Curabitur bibendum a turpis ut blandit. Praesent vulputate ultrices libero, nec interdum leo bibendum eu. Curabitur a dictum enim. Praesent et nisi eu neque tincidunt ullamcorper vitae vitae nulla."}}, {"model": "posts.text", "pk": 51, "fields": {"text": "Aliquam in ullamcorper neque. Integer luctus leo sit amet ex sagittis porttitor. Fusce et sagittis quam, a suscipit mauris. Cras sed velit congue, consectetur justo finibus, ultricies mi. Etiam ut lacinia ex, sit amet fermentum lacus. Sed eleifend, nisi sed dictum faucibus, urna augue cursus lacus, vitae vestibulum lectus nisl quis augue. Sed blandit gravida hendrerit. Morbi ut sapien odio. Quisque id condimentum dui. Curabitur bibendum a turpis ut blandit. Praesent vulputate ultrices libero, nec interdum leo bibendum eu. Curabitur a dictum enim. Praesent et nisi eu neque tincidunt ullamcorper vitae vitae nulla."}}, {"model": "posts.text", "pk": 52, "fields": {"text": "Aliquam in ullamcorper neque. Integer luctus leo sit amet ex sagittis porttitor. Fusce et sagittis quam, a suscipit mauris. Cras sed velit congue, consectetur justo finibus, ultricies mi. Etiam ut lacinia ex, sit amet fermentum lacus. Sed eleifend, nisi sed dictum faucibus, urna augue cursus lacus, vitae vestibulum lectus nisl quis augue. Sed blandit gravida hendrerit. Morbi ut sapien odio. Quisque id condimentum dui. Curabitur bibendum a turpis ut blandit. Praesent vulputate ultrices libero, nec interdum leo bibendum eu. Curabitur a dictum enim. Praesent et nisi eu neque tincidunt ullamcorper vitae vitae nulla."}}, {"model": "posts.text", "pk": 53, "fields": {"text": "Maecenas ut pretium nulla. Suspendisse at tristique arcu, ut posuere orci. Quisque aliquet facilisis lorem nec aliquam. Proin eleifend eget ligula eget accumsan. Proin consectetur nunc ut mauris condimentum facilisis. Nulla ultrices auctor metus eget sagittis. Donec sit amet sapien eros. Vestibulum facilisis nibh a arcu varius viverra. Curabitur rhoncus justo neque, at finibus erat tempor ac."}}, {"model": "posts.text", "pk": 54, "fields": {"text": "Aliquam in ullamcorper neque. Integer luctus leo sit amet ex sagittis porttitor. Fusce et sagittis quam, a suscipit mauris. Cras sed velit congue, consectetur justo finibus, ultricies mi. Etiam ut lacinia ex, sit amet fermentum lacus. Sed eleifend, nisi sed dictum faucibus, urna augue cursus lacus, vitae vestibulum lectus nisl quis augue. Sed blandit gravida hendrerit. Morbi ut sapien odio. Quisque id condimentum dui. Curabitur bibendum a turpis ut blandit. Praesent vulputate ultrices libero, nec interdum leo bibendum eu. Curabitur a dictum enim. Praesent et nisi eu neque tincidunt ullamcorper vitae vitae nulla."}}, {"model": "posts.text", "pk": 55, "fields": {"text": "Cras sed tristique felis. Pellentesque habitant morbi tristique senectus et netus et malesuada fames ac turpis egestas. Quisque at justo vel ante congue faucibus. Proin sollicitudin purus vitae risus mollis porta. Mauris venenatis vitae mi vitae consectetur. Cras sed hendrerit ex, non finibus ante. Maecenas ut porttitor velit. Mauris est sapien, luctus ac erat a, dignissim cursus quam. Donec in risus enim. Ut eget aliquam tortor, et auctor massa."}}, {"model": "posts.text", "pk": 56, "fields": {"text": "Cras sed tristique felis. Pellentesque habitant morbi tristique senectus et netus et malesuada fames ac turpis egestas. Quisque at justo vel ante congue faucibus. Proin sollicitudin purus vitae risus mollis porta. Mauris venenatis vitae mi vitae consectetur. Cras sed hendrerit ex, non finibus ante. Maecenas ut porttitor velit. Mauris est sapien, luctus ac erat a, dignissim cursus quam. Donec in risus enim. Ut eget aliquam tortor, et auctor massa."}}, {"model": "posts.text", "pk": 57, "fields": {"text": "Cras sed tristique felis. Pellentesque habitant morbi tristique senectus et netus et malesuada fames ac turpis egestas. Quisque at justo vel ante congue faucibus. Proin sollicitudin purus vitae risus mollis porta. Mauris venenatis vitae mi vitae consectetur. Cras sed hendrerit ex, non finibus ante. Maecenas ut porttitor velit. Mauris est sapien, luctus ac erat a, dignissim cursus quam. Donec in risus enim. Ut eget aliquam tortor, et auctor massa."}}, {"model": "posts.text", "pk": 58, "fields": {"text": "Curabitur nec leo nibh. Vivamus turpis sapien, gravida eu condimentum in, eleifend vel sem. Vestibulum fermentum tempor metus, eget efficitur arcu malesuada lacinia. Suspendisse lacinia metus at lacus consequat congue. Sed eget odio et lacus vulputate tempor quis et dui. Integer vulputate libero non vehicula vulputate. Cras tincidunt nec tellus ac feugiat. Aliquam pretium tellus non ante viverra, ut molestie eros suscipit. Ut aliquam dui vel lectus euismod, et consectetur metus posuere."}}, {"model": "posts.text", "pk": 59, "fields": {"text": "Curabitur nec leo nibh. Vivamus turpis sapien, gravida eu condimentum in, eleifend vel sem. Vestibulum fermentum tempor metus, eget efficitur arcu malesuada lacinia. Suspendisse lacinia metus at lacus consequat congue. Sed eget odio et lacus vulputate tempor quis et dui. Integer vulputate libero non vehicula vulputate. Cras tincidunt nec tellus ac feugiat. Aliquam pretium tellus non ante viverra, ut molestie eros suscipit. Ut aliquam dui vel lectus euismod, et consectetur metus posuere."}}, {"model": "posts.text", "pk": 60, "fields": {"text": "Curabitur nec leo nibh. Vivamus turpis sapien, gravida eu condimentum in, eleifend vel sem. Vestibulum fermentum tempor metus, eget efficitur arcu malesuada lacinia. Suspendisse lacinia metus at lacus consequat congue. Sed eget odio et lacus vulputate tempor quis et dui. Integer vulputate libero non vehicula vulputate. Cras tincidunt nec tellus ac feugiat. Aliquam pretium tellus non ante viverra, ut molestie eros suscipit. Ut aliquam dui vel lectus euismod, et consectetur metus posuere."}}, {"model": "posts.text", "pk": 61, "fields": {"text": "Curabitur nec leo nibh. Vivamus turpis sapien, gravida eu condimentum in, eleifend vel sem. Vestibulum fermentum tempor metus, eget efficitur arcu malesuada lacinia. Suspendisse lacinia metus at lacus consequat congue. Sed eget odio et lacus vulputate tempor quis et dui. Integer vulputate libero non vehicula vulputate. Cras tincidunt nec tellus ac feugiat. Aliquam pretium tellus non ante viverra, ut molestie eros suscipit. Ut aliquam dui vel lectus euismod, et consectetur metus posuere."}}, {"model": "posts.citation", "pk": 1, "fields": {"citation": "Any for-profit entity that is founded on the value of network effects must maximally extract that value to the limit of the network attractor. This produces an extractive repulsor force. As the limit is approached, the network becomes poised at fragility."}}, {"model": "posts.citation", "pk": 4, "fields": {"citation": "Any for-profit entity that is founded on the value of network effects must maximally extract that value to the limit of the network attractor. This produces an extractive repulsor force. As the limit is approached, the network becomes poised at fragility."}}, {"model": "posts.citation", "pk": 5, "fields": {"citation": "Any for-profit entity that is founded on the value of network effects must maximally extract that value to the limit of the network attractor. This produces an extractive repulsor force. As the limit is approached, the network becomes poised at fragility."}}, {"model": "posts.citation", "pk": 6, "fields": {"citation": "Any for-profit entity that is founded on the value of network effects must maximally extract that value to the limit of the network attractor. This produces an extractive repulsor force. As the limit is approached, the network becomes poised at fragility."}}, {"model": "posts.citation", "pk": 7, "fields": {"citation": "Any for-profit entity that is founded on the value of network effects must maximally extract that value to the limit of the network attractor. This produces an extractive repulsor force. As the limit is approached, the network becomes poised at fragility."}}, {"model": "posts.citation", "pk": 8, "fields": {"citation": "Any for-profit entity that is founded on the value of network effects must maximally extract that value to the limit of the network attractor. This produces an extractive repulsor force. As the limit is approached, the network becomes poised at fragility."}}, {"model": "posts.citation", "pk": 9, "fields": {"citation": "Subsidiarity is a principle of social organization that holds that social and political issues should be dealt with at the most immediate level that is consistent with their resolution. The Oxford English Dictionary defines subsidiarity as the principle that a central authority should have a subsidiary function, performing only those tasks which cannot be performed at a more local level."}}, {"model": "posts.citation", "pk": 10, "fields": {"citation": "Donec efficitur tellus diam, sit amet aliquet sem pulvinar eu. Aliquam ullamcorper, risus sed suscipit dictum, lorem libero consequat elit, et imperdiet lorem leo quis erat. Nam eu lacinia quam. Fusce a tellus varius, mollis dolor ut, aliquet sapien. Ut tempor hendrerit placerat. In quis tincidunt mi. Nam vel maximus lacus, id tincidunt orci. Cras consectetur vel orci in gravida. Curabitur lorem libero, dignissim in libero id, blandit pellentesque mi."}}, {"model": "posts.citation", "pk": 11, "fields": {"citation": "Vestibulum faucibus tellus felis, sit amet dictum odio pellentesque ac. Nam mi mi, tempor et nisl et, imperdiet semper massa. Aliquam placerat urna nec augue feugiat elementum. Ut laoreet augue nec gravida porttitor. Cras quis euismod lectus, in varius metus. Nam nec enim at ipsum fringilla congue. Nunc ipsum purus, pharetra nec congue nec, varius quis ipsum. Vestibulum sed mauris in dolor rutrum mollis. Aenean lobortis nunc ac sodales tristique. Curabitur venenatis massa porta ornare lobortis. Nullam posuere sed ligula et vestibulum."}}, {"model": "posts.citation", "pk": 12, "fields": {"citation": "Suspendisse aliquam sit amet est faucibus facilisis. Suspendisse semper quam eros, sit amet gravida odio iaculis id. Nunc ac justo nisi. Integer consequat efficitur convallis. Mauris luctus lorem sit amet elit molestie, non suscipit mi dictum. Quisque lacinia non enim sed lobortis. Sed mi purus, tempor eget risus eget, fermentum volutpat nisi. Maecenas condimentum, nunc et lacinia rhoncus, libero est egestas purus, ut ultricies neque lectus sit amet nibh. Cras laoreet quis erat et lobortis."}}, {"model": "posts.citation", "pk": 13, "fields": {"citation": "Suspendisse aliquam sit amet est faucibus facilisis. Suspendisse semper quam eros, sit amet gravida odio iaculis id. Nunc ac justo nisi. Integer consequat efficitur convallis. Mauris luctus lorem sit amet elit molestie, non suscipit mi dictum. Quisque lacinia non enim sed lobortis. Sed mi purus, tempor eget risus eget, fermentum volutpat nisi. Maecenas condimentum, nunc et lacinia rhoncus, libero est egestas purus, ut ultricies neque lectus sit amet nibh. Cras laoreet quis erat et lobortis."}}, {"model": "posts.citation", "pk": 14, "fields": {"citation": "Lorem ipsum dolor sit amet, consectetur adipiscing elit. Integer nunc lacus, aliquet eget congue ac, pulvinar a diam. Ut id massa velit. Curabitur ultricies, sem iaculis pellentesque sagittis, ipsum metus aliquam arcu, non fringilla ex urna porttitor lorem. Phasellus ac neque blandit, facilisis mi at, rutrum felis. Donec sed fermentum libero, quis efficitur nibh. Etiam consectetur ligula sed enim pharetra suscipit. Lorem ipsum dolor sit amet, consectetur adipiscing elit. Phasellus felis ipsum, pellentesque et erat id, sodales maximus ex. Quisque malesuada elit ut pellentesque laoreet. Quisque aliquam sem quis arcu volutpat suscipit. Integer urna ex, congue at maximus id, luctus sed lectus."}}, {"model": "posts.citation", "pk": 15, "fields": {"citation": "Aliquam in ullamcorper neque. Integer luctus leo sit amet ex sagittis porttitor. Fusce et sagittis quam, a suscipit mauris. Cras sed velit congue, consectetur justo finibus, ultricies mi. Etiam ut lacinia ex, sit amet fermentum lacus. Sed eleifend, nisi sed dictum faucibus, urna augue cursus lacus, vitae vestibulum lectus nisl quis augue. Sed blandit gravida hendrerit. Morbi ut sapien odio. Quisque id condimentum dui. Curabitur bibendum a turpis ut blandit. Praesent vulputate ultrices libero, nec interdum leo bibendum eu. Curabitur a dictum enim. Praesent et nisi eu neque tincidunt ullamcorper vitae vitae nulla."}}, {"model": "posts.citation", "pk": 16, "fields": {"citation": "Maecenas ut pretium nulla. Suspendisse at tristique arcu, ut posuere orci. Quisque aliquet facilisis lorem nec aliquam. Proin eleifend eget ligula eget accumsan. Proin consectetur nunc ut mauris condimentum facilisis. Nulla ultrices auctor metus eget sagittis. Donec sit amet sapien eros. Vestibulum facilisis nibh a arcu varius viverra. Curabitur rhoncus justo neque, at finibus erat tempor ac."}}, {"model": "posts.citation", "pk": 17, "fields": {"citation": "Cras sed tristique felis. Pellentesque habitant morbi tristique senectus et netus et malesuada fames ac turpis egestas. Quisque at justo vel ante congue faucibus. Proin sollicitudin purus vitae risus mollis porta. Mauris venenatis vitae mi vitae consectetur. Cras sed hendrerit ex, non finibus ante. Maecenas ut porttitor velit. Mauris est sapien, luctus ac erat a, dignissim cursus quam. Donec in risus enim. Ut eget aliquam tortor, et auctor massa."}}, {"model": "posts.citation", "pk": 18, "fields": {"citation": "Curabitur nec leo nibh. Vivamus turpis sapien, gravida eu condimentum in, eleifend vel sem. Vestibulum fermentum tempor metus, eget efficitur arcu malesuada lacinia. Suspendisse lacinia metus at lacus consequat congue. Sed eget odio et lacus vulputate tempor quis et dui. Integer vulputate libero non vehicula vulputate. Cras tincidunt nec tellus ac feugiat. Aliquam pretium tellus non ante viverra, ut molestie eros suscipit. Ut aliquam dui vel lectus euismod, et consectetur metus posuere."}}, {"model": "posts.citation", "pk": 19, "fields": {"citation": "Curabitur nec leo nibh. Vivamus turpis sapien, gravida eu condimentum in, eleifend vel sem. Vestibulum fermentum tempor metus, eget efficitur arcu malesuada lacinia. Suspendisse lacinia metus at lacus consequat congue. Sed eget odio et lacus vulputate tempor quis et dui. Integer vulputate libero non vehicula vulputate. Cras tincidunt nec tellus ac feugiat. Aliquam pretium tellus non ante viverra, ut molestie eros suscipit. Ut aliquam dui vel lectus euismod, et consectetur metus posuere."}}, {"model": "posts.image", "pk": 1, "fields": {"file": "blogs/posts/rise_and_fall.jpeg"}}, {"model": "posts.image", "pk": 2, "fields": {"file": "blogs/posts/a_38H4dx9.jpeg"}}, {"model": "posts.image", "pk": 3, "fields": {"file": "blogs/posts/defund.jpeg"}}, {"model": "posts.image", "pk": 4, "fields": {"file": "blogs/posts/balet.jpeg"}}, {"model": "posts.image", "pk": 5, "fields": {"file": "blogs/posts/sunshine.jpeg"}}, {"model": "posts.image", "pk": 6, "fields": {"file": "blogs/posts/music.jpg.crdownload"}}, {"model": "posts.image", "pk": 7, "fields": {"file": "blogs/posts/bcecoli.jpg"}}, {"model": "posts.image", "pk": 8, "fields": {"file": "blogs/posts/cats.jpeg"}}, {"model": "posts.image", "pk": 9, "fields": {"file": "blogs/posts/cats_HlYxF0y.jpeg"}}, {"model": "posts.image", "pk": 10, "fields": {"file": "blogs/posts/practical.jpeg"}}, {"model": "posts.image", "pk": 11, "fields": {"file": "blogs/posts/third-wave_2EoI7jh.jpeg"}}, {"model": "posts.image", "pk": 12, "fields": {"file": "blogs/posts/swell.jpeg"}}, {"model": "posts.image", "pk": 13, "fields": {"file": "blogs/posts/cool9_SVhWRnY.jpeg"}}, {"model": "posts.image", "pk": 14, "fields": {"file": "blogs/posts/cool13.jpeg"}}, {"model": "posts.image", "pk": 15, "fields": {"file": "blogs/posts/cool7_FajQqc3.jpeg"}}, {"model": "posts.image", "pk": 16, "fields": {"file": "blogs/posts/cool13_Rf8rGMR.jpeg"}}, {"model": "posts.image", "pk": 17, "fields": {"file": "blogs/posts/cool17.jpeg"}}, {"model": "posts.image", "pk": 18, "fields": {"file": "blogs/posts/ttt.jpeg"}}, {"model": "tags.tag", "pk": 1, "fields": {"name": "unreasonable", "slug": "unreasonable"}}, {"model": "tags.tag", "pk": 2, "fields": {"name": "deep", "slug": "deep"}}, {"model": "tags.tag", "pk": 3, "fields": {"name": "code", "slug": "code"}}, {"model": "tags.tag", "pk": 4, "fields": {"name": "thoughts", "slug": "thoughts"}}, {"model": "tags.tag", "pk": 5, "fields": {"name": "networks", "slug": "networks"}}, {"model": "tags.tag", "pk": 12, "fields": {"name": "raise and fall", "slug": "raise-and-fall"}}, {"model": "tags.tag", "pk": 13, "fields": {"name": "thinking", "slug": "thinking"}}, {"model": "tags.tag", "pk": 14, "fields": {"name": "simulated", "slug": "simulated"}}, {"model": "tags.tag", "pk": 15, "fields": {"name": "defund", "slug": "defund"}}, {"model": "tags.tag", "pk": 16, "fields": {"name": "design", "slug": "design"}}, {"model": "tags.tag", "pk": 17, "fields": {"name": "redesign", "slug": "redesign"}}, {"model": "tags.tag", "pk": 18, "fields": {"name": "fragility", "slug": "fragility"}}, {"model": "tags.tag", "pk": 19, "fields": {"name": "anti", "slug": "anti"}}, {"model": "tags.tag", "pk": 20, "fields": {"name": "coffee", "slug": "coffee"}}, {"model": "tags.tag", "pk": 21, "fields": {"name": "break", "slug": "break"}}, {"model": "tags.tag", "pk": 22, "fields": {"name": "good", "slug": "good"}}, {"model": "tags.tag", "pk": 23, "fields": {"name": "afternoon", "slug": "afternoon"}}, {"model": "tags.tag", "pk": 24, "fields": {"name": "sun", "slug": "sun"}}, {"model": "tags.tag", "pk": 25, "fields": {"name": "sunshine", "slug": "sunshine"}}, {"model": "tags.tag", "pk": 26, "fields": {"name": "new", "slug": "new"}}, {"model": "tags.tag", "pk": 27, "fields": {"name": "story", "slug": "story"}}, {"model": "tags.tag", "pk": 28, "fields": {"name": "music", "slug": "music"}}, {"model": "tags.tag", "pk": 29, "fields": {"name": "world", "slug": "world"}}, {"model": "tags.tag", "pk": 30, "fields": {"name": "love", "slug": "love"}}, {"model": "tags.tag", "pk": 31, "fields": {"name": "dogs", "slug": "dogs"}}, {"model": "tags.tag", "pk": 32, "fields": {"name": "cats", "slug": "cats"}}, {"model": "tags.tag", "pk": 33, "fields": {"name": "animals", "slug": "animals"}}, {"model": "tags.tag", "pk": 34, "fields": {"name": "wild", "slug": "wild"}}, {"model": "tags.tag", "pk": 35, "fields": {"name": "dog", "slug": "dog"}}, {"model": "tags.tag", "pk": 36, "fields": {"name": "lion", "slug": "lion"}}, {"model": "tags.tag", "pk": 37, "fields": {"name": "cat", "slug": "cat"}}, {"model": "tags.tag", "pk": 38, "fields": {"name": "joy", "slug": "joy"}}, {"model": "tags.tag", "pk": 39, "fields": {"name": "play", "slug": "play"}}, {"model": "tags.tag", "pk": 40, "fields": {"name": "border coli", "slug": "border-coli"}}, {"model": "tags.tag", "pk": 41, "fields": {"name": "jumping", "slug": "jumping"}}, {"model": "tags.tag", "pk": 42, "fields": {"name": "d", "slug": "d"}}, {"model": "tags.tag", "pk": 43, "fields": {"name": "a", "slug": "a"}}, {"model": "tags.tag", "pk": 44, "fields": {"name": "revolution", "slug": "revolution"}}, {"model": "tags.tag", "pk": 45, "fields": {"name": "emergent", "slug": "emergent"}}, {"model": "tags.tag", "pk": 46, "fields": {"name": "culture", "slug": "culture"}}, {"model": "tags.tag", "pk": 47, "fields": {"name": "economy", "slug": "economy"}}, {"model": "tags.tag", "pk": 48, "fields": {"name": "third wave", "slug": "third-wave"}}, {"model": "tags.tag", "pk": 49, "fields": {"name": "ipsum", "slug": "ipsum"}}, {"model": "tags.tag", "pk": 50, "fields": {"name": "lorem", "slug": "lorem"}}, {"model": "tags.tag", "pk": 51, "fields": {"name": "felis", "slug": "felis"}}, {"model": "tags.tag", "pk": 52, "fields": {"name": "vehicula", "slug": "vehicula"}}, {"model": "tags.tag", "pk": 53, "fields": {"name": "space", "slug": "space"}}, {"model": "tags.tag", "pk": 54, "fields": {"name": "cosmos", "slug": "cosmos"}}, {"model": "tags.tag", "pk": 55, "fields": {"name": "nec", "slug": "nec"}}, {"model": "tags.tag", "pk": 56, "fields": {"name": "curabitur", "slug": "curabitur"}}, {"model": "tags.tag", "pk": 57, "fields": {"name": "leo", "slug": "leo"}}, {"model": "tags.tag", "pk": 58, "fields": {"name": "lorium", "slug": "lorium"}}, {"model": "tags.tag", "pk": 59, "fields": {"name": "comos", "slug": "comos"}}, {"model": "tags.tag", "pk": 60, "fields": {"name": "tiger", "slug": "tiger"}}, {"model": "easy_thumbnails.source", "pk": 1, "fields": {"storage_hash": "f9bde26a1556cd667f742bd34ec7c55e", "name": "users/2021/04/15/cool18_4feHA4N.jpeg", "modified": "2021-04-15T10:13:48.253Z"}}, {"model": "easy_thumbnails.source", "pk": 2, "fields": {"storage_hash": "f9bde26a1556cd667f742bd34ec7c55e", "name": "blogs/Deep Code-mindfigment/images/cool4.jpeg", "modified": "2021-04-15T10:13:59.663Z"}}, {"model": "easy_thumbnails.source", "pk": 3, "fields": {"storage_hash": "f9bde26a1556cd667f742bd34ec7c55e", "name": "blogs/posts/rise_and_fall.jpeg", "modified": "2021-04-15T10:28:54.833Z"}}, {"model": "easy_thumbnails.source", "pk": 4, "fields": {"storage_hash": "f9bde26a1556cd667f742bd34ec7c55e", "name": "blogs/posts/a_38H4dx9.jpeg", "modified": "2021-04-15T10:28:54.781Z"}}, {"model": "easy_thumbnails.source", "pk": 5, "fields": {"storage_hash": "f9bde26a1556cd667f742bd34ec7c55e", "name": "blogs/posts/defund.jpeg", "modified": "2021-04-15T10:28:54.733Z"}}, {"model": "easy_thumbnails.source", "pk": 6, "fields": {"storage_hash": "f9bde26a1556cd667f742bd34ec7c55e", "name": "blogs/posts/balet.jpeg", "modified": "2021-04-15T10:28:54.671Z"}}, {"model": "easy_thumbnails.source", "pk": 7, "fields": {"storage_hash": "f9bde26a1556cd667f742bd34ec7c55e", "name": "users/2021/04/15/cool11_HZbYVVA.jpeg", "modified": "2021-04-15T10:32:38.860Z"}}, {"model": "easy_thumbnails.source", "pk": 8, "fields": {"storage_hash": "f9bde26a1556cd667f742bd34ec7c55e", "name": "blogs/Good afternoon-jan/images/assesment.jpeg", "modified": "2021-04-15T10:32:45.518Z"}}, {"model": "easy_thumbnails.source", "pk": 9, "fields": {"storage_hash": "f9bde26a1556cd667f742bd34ec7c55e", "name": "blogs/posts/sunshine.jpeg", "modified": "2021-04-15T10:53:31.668Z"}}, {"model": "easy_thumbnails.source", "pk": 10, "fields": {"storage_hash": "f9bde26a1556cd667f742bd34ec7c55e", "name": "blogs/posts/music.jpg.crdownload", "modified": "2021-04-15T10:53:31.617Z"}}, {"model": "easy_thumbnails.source", "pk": 11, "fields": {"storage_hash": "f9bde26a1556cd667f742bd34ec7c55e", "name": "users/2021/04/15/cool2.jpeg", "modified": "2021-04-15T11:10:58.259Z"}}, {"model": "easy_thumbnails.source", "pk": 12, "fields": {"storage_hash": "f9bde26a1556cd667f742bd34ec7c55e", "name": "blogs/Animals-lisa/images/lion.jpeg", "modified": "2021-04-15T10:43:52.979Z"}}, {"model": "easy_thumbnails.source", "pk": 13, "fields": {"storage_hash": "f9bde26a1556cd667f742bd34ec7c55e", "name": "blogs/posts/bcecoli.jpg", "modified": "2021-04-15T11:02:23.321Z"}}, {"model": "easy_thumbnails.source", "pk": 14, "fields": {"storage_hash": "f9bde26a1556cd667f742bd34ec7c55e", "name": "blogs/posts/cats.jpeg", "modified": "2021-04-15T11:02:23.265Z"}}, {"model": "easy_thumbnails.source", "pk": 15, "fields": {"storage_hash": "f9bde26a1556cd667f742bd34ec7c55e", "name": "blogs/posts/cats_HlYxF0y.jpeg", "modified": "2021-04-15T10:50:10.473Z"}}, {"model": "easy_thumbnails.source", "pk": 16, "fields": {"storage_hash": "f9bde26a1556cd667f742bd34ec7c55e", "name": "users/2021/04/15/cool9.jpeg", "modified": "2021-04-15T11:21:55.617Z"}}, {"model": "easy_thumbnails.source", "pk": 17, "fields": {"storage_hash": "f9bde26a1556cd667f742bd34ec7c55e", "name": "blogs/Emergent Culture-hania/images/cool10.jpeg", "modified": "2021-04-15T11:22:04.514Z"}}, {"model": "easy_thumbnails.source", "pk": 18, "fields": {"storage_hash": "f9bde26a1556cd667f742bd34ec7c55e", "name": "blogs/posts/practical.jpeg", "modified": "2021-04-15T11:24:26.685Z"}}, {"model": "easy_thumbnails.source", "pk": 19, "fields": {"storage_hash": "f9bde26a1556cd667f742bd34ec7c55e", "name": "blogs/Lorem ipsum dolor-mindfigment/images/cool4.jpeg", "modified": "2021-04-15T12:03:19.020Z"}}, {"model": "easy_thumbnails.source", "pk": 20, "fields": {"storage_hash": "f9bde26a1556cd667f742bd34ec7c55e", "name": "blogs/Lorem ipsum dolor-mindfigment/images/cool8.jpeg", "modified": "2021-04-15T12:03:31.913Z"}}, {"model": "easy_thumbnails.source", "pk": 21, "fields": {"storage_hash": "f9bde26a1556cd667f742bd34ec7c55e", "name": "blogs/posts/cool9_SVhWRnY.jpeg", "modified": "2021-04-15T12:06:13.961Z"}}, {"model": "easy_thumbnails.source", "pk": 22, "fields": {"storage_hash": "f9bde26a1556cd667f742bd34ec7c55e", "name": "blogs/posts/cool13.jpeg", "modified": "2021-04-15T12:06:13.901Z"}}, {"model": "easy_thumbnails.source", "pk": 23, "fields": {"storage_hash": "f9bde26a1556cd667f742bd34ec7c55e", "name": "blogs/posts/cool7_FajQqc3.jpeg", "modified": "2021-04-15T12:13:34.657Z"}}, {"model": "easy_thumbnails.source", "pk": 24, "fields": {"storage_hash": "f9bde26a1556cd667f742bd34ec7c55e", "name": "users/2021/04/15/cool6_QCFPP3z.jpeg", "modified": "2021-04-15T12:10:01.551Z"}}, {"model": "easy_thumbnails.source", "pk": 25, "fields": {"storage_hash": "f9bde26a1556cd667f742bd34ec7c55e", "name": "blogs/Cras sed-tomek/images/cool15.jpeg", "modified": "2021-04-15T12:10:05.432Z"}}, {"model": "easy_thumbnails.source", "pk": 26, "fields": {"storage_hash": "f9bde26a1556cd667f742bd34ec7c55e", "name": "blogs/posts/cool13_Rf8rGMR.jpeg", "modified": "2021-04-15T12:32:01.587Z"}}, {"model": "easy_thumbnails.source", "pk": 27, "fields": {"storage_hash": "f9bde26a1556cd667f742bd34ec7c55e", "name": "blogs/posts/cool17.jpeg", "modified": "2021-04-15T12:32:01.538Z"}}, {"model": "easy_thumbnails.source", "pk": 28, "fields": {"storage_hash": "f9bde26a1556cd667f742bd34ec7c55e", "name": "blogs/Maecenas ut-mindfigment/images/tiger.jpeg", "modified": "2021-04-15T12:28:38.598Z"}}, {"model": "easy_thumbnails.source", "pk": 29, "fields": {"storage_hash": "f9bde26a1556cd667f742bd34ec7c55e", "name": "blogs/posts/ttt.jpeg", "modified": "2021-04-15T12:31:26.879Z"}}, {"model": "easy_thumbnails.thumbnail", "pk": 1, "fields": {"storage_hash": "d26becbf46ac48eda79c7a39a13a02dd", "name": "users/2021/04/15/cool18_4feHA4N.jpeg.40x40_q85_crop.jpg", "modified": "2021-04-15T10:13:48.265Z", "source": 1}}, {"model": "easy_thumbnails.thumbnail", "pk": 2, "fields": {"storage_hash": "d26becbf46ac48eda79c7a39a13a02dd", "name": "blogs/Deep Code-mindfigment/images/cool4.jpeg.200x200_q85_crop-smart.jpg", "modified": "2021-04-15T10:13:59.670Z", "source": 2}}, {"model": "easy_thumbnails.thumbnail", "pk": 3, "fields": {"storage_hash": "d26becbf46ac48eda79c7a39a13a02dd", "name": "blogs/posts/rise_and_fall.jpeg.100x100_q85_crop-smart.jpg", "modified": "2021-04-15T10:15:38.650Z", "source": 3}}, {"model": "easy_thumbnails.thumbnail", "pk": 4, "fields": {"storage_hash": "d26becbf46ac48eda79c7a39a13a02dd", "name": "blogs/posts/a_38H4dx9.jpeg.100x100_q85_crop-smart.jpg", "modified": "2021-04-15T10:19:45.845Z", "source": 4}}, {"model": "easy_thumbnails.thumbnail", "pk": 5, "fields": {"storage_hash": "d26becbf46ac48eda79c7a39a13a02dd", "name": "blogs/posts/defund.jpeg.100x100_q85_crop-smart.jpg", "modified": "2021-04-15T10:22:21.477Z", "source": 5}}, {"model": "easy_thumbnails.thumbnail", "pk": 6, "fields": {"storage_hash": "d26becbf46ac48eda79c7a39a13a02dd", "name": "blogs/posts/balet.jpeg.100x100_q85_crop-smart.jpg", "modified": "2021-04-15T10:24:01.056Z", "source": 6}}, {"model": "easy_thumbnails.thumbnail", "pk": 7, "fields": {"storage_hash": "d26becbf46ac48eda79c7a39a13a02dd", "name": "blogs/posts/balet.jpeg.300x190_q85_crop-smart.jpg", "modified": "2021-04-15T10:28:54.677Z", "source": 6}}, {"model": "easy_thumbnails.thumbnail", "pk": 8, "fields": {"storage_hash": "d26becbf46ac48eda79c7a39a13a02dd", "name": "blogs/posts/defund.jpeg.300x190_q85_crop-smart.jpg", "modified": "2021-04-15T10:28:54.738Z", "source": 5}}, {"model": "easy_thumbnails.thumbnail", "pk": 9, "fields": {"storage_hash": "d26becbf46ac48eda79c7a39a13a02dd", "name": "blogs/posts/a_38H4dx9.jpeg.300x190_q85_crop-smart.jpg", "modified": "2021-04-15T10:28:54.786Z", "source": 4}}, {"model": "easy_thumbnails.thumbnail", "pk": 10, "fields": {"storage_hash": "d26becbf46ac48eda79c7a39a13a02dd", "name": "blogs/posts/rise_and_fall.jpeg.300x190_q85_crop-smart.jpg", "modified": "2021-04-15T10:28:54.838Z", "source": 3}}, {"model": "easy_thumbnails.thumbnail", "pk": 11, "fields": {"storage_hash": "d26becbf46ac48eda79c7a39a13a02dd", "name": "users/2021/04/15/cool11_HZbYVVA.jpeg.40x40_q85_crop.jpg", "modified": "2021-04-15T10:32:38.866Z", "source": 7}}, {"model": "easy_thumbnails.thumbnail", "pk": 12, "fields": {"storage_hash": "d26becbf46ac48eda79c7a39a13a02dd", "name": "blogs/Good afternoon-jan/images/assesment.jpeg.200x200_q85_crop-smart.jpg", "modified": "2021-04-15T10:32:45.524Z", "source": 8}}, {"model": "easy_thumbnails.thumbnail", "pk": 13, "fields": {"storage_hash": "d26becbf46ac48eda79c7a39a13a02dd", "name": "blogs/posts/sunshine.jpeg.100x100_q85_crop-smart.jpg", "modified": "2021-04-15T10:35:07.299Z", "source": 9}}, {"model": "easy_thumbnails.thumbnail", "pk": 14, "fields": {"storage_hash": "d26becbf46ac48eda79c7a39a13a02dd", "name": "blogs/posts/music.jpg.crdownload.100x100_q85_crop-smart.jpg", "modified": "2021-04-15T10:37:04.527Z", "source": 10}}, {"model": "easy_thumbnails.thumbnail", "pk": 15, "fields": {"storage_hash": "d26becbf46ac48eda79c7a39a13a02dd", "name": "users/2021/04/15/cool2.jpeg.40x40_q85_crop.jpg", "modified": "2021-04-15T10:43:45.835Z", "source": 11}}, {"model": "easy_thumbnails.thumbnail", "pk": 16, "fields": {"storage_hash": "d26becbf46ac48eda79c7a39a13a02dd", "name": "blogs/Animals-lisa/images/lion.jpeg.200x200_q85_crop-smart.jpg", "modified": "2021-04-15T10:43:52.985Z", "source": 12}}, {"model": "easy_thumbnails.thumbnail", "pk": 17, "fields": {"storage_hash": "d26becbf46ac48eda79c7a39a13a02dd", "name": "blogs/posts/bcecoli.jpg.100x100_q85_crop-smart.jpg", "modified": "2021-04-15T10:45:17.814Z", "source": 13}}, {"model": "easy_thumbnails.thumbnail", "pk": 18, "fields": {"storage_hash": "d26becbf46ac48eda79c7a39a13a02dd", "name": "blogs/posts/cats.jpeg.100x100_q85_crop-smart.jpg", "modified": "2021-04-15T10:46:32.108Z", "source": 14}}, {"model": "easy_thumbnails.thumbnail", "pk": 19, "fields": {"storage_hash": "d26becbf46ac48eda79c7a39a13a02dd", "name": "blogs/posts/cats_HlYxF0y.jpeg.100x100_q85_crop-smart.jpg", "modified": "2021-04-15T10:50:10.485Z", "source": 15}}, {"model": "easy_thumbnails.thumbnail", "pk": 20, "fields": {"storage_hash": "d26becbf46ac48eda79c7a39a13a02dd", "name": "blogs/posts/music.jpg.crdownload.300x190_q85_crop-smart.jpg", "modified": "2021-04-15T10:53:31.622Z", "source": 10}}, {"model": "easy_thumbnails.thumbnail", "pk": 21, "fields": {"storage_hash": "d26becbf46ac48eda79c7a39a13a02dd", "name": "blogs/posts/sunshine.jpeg.300x190_q85_crop-smart.jpg", "modified": "2021-04-15T10:53:31.673Z", "source": 9}}, {"model": "easy_thumbnails.thumbnail", "pk": 22, "fields": {"storage_hash": "d26becbf46ac48eda79c7a39a13a02dd", "name": "blogs/posts/cats.jpeg.300x190_q85_crop-smart.jpg", "modified": "2021-04-15T11:02:23.271Z", "source": 14}}, {"model": "easy_thumbnails.thumbnail", "pk": 23, "fields": {"storage_hash": "d26becbf46ac48eda79c7a39a13a02dd", "name": "blogs/posts/bcecoli.jpg.300x190_q85_crop-smart.jpg", "modified": "2021-04-15T11:02:23.326Z", "source": 13}}, {"model": "easy_thumbnails.thumbnail", "pk": 24, "fields": {"storage_hash": "d26becbf46ac48eda79c7a39a13a02dd", "name": "users/2021/04/15/cool2.jpeg.38x38_q85_crop.jpg", "modified": "2021-04-15T11:10:58.269Z", "source": 11}}, {"model": "easy_thumbnails.thumbnail", "pk": 25, "fields": {"storage_hash": "d26becbf46ac48eda79c7a39a13a02dd", "name": "users/2021/04/15/cool9.jpeg.40x40_q85_crop.jpg", "modified": "2021-04-15T11:21:55.623Z", "source": 16}}, {"model": "easy_thumbnails.thumbnail", "pk": 26, "fields": {"storage_hash": "d26becbf46ac48eda79c7a39a13a02dd", "name": "blogs/Emergent Culture-hania/images/cool10.jpeg.200x200_q85_crop-smart.jpg", "modified": "2021-04-15T11:22:04.519Z", "source": 17}}, {"model": "easy_thumbnails.thumbnail", "pk": 27, "fields": {"storage_hash": "d26becbf46ac48eda79c7a39a13a02dd", "name": "blogs/posts/practical.jpeg.100x100_q85_crop-smart.jpg", "modified": "2021-04-15T11:24:26.692Z", "source": 18}}, {"model": "easy_thumbnails.thumbnail", "pk": 28, "fields": {"storage_hash": "d26becbf46ac48eda79c7a39a13a02dd", "name": "blogs/Lorem ipsum dolor-mindfigment/images/cool4.jpeg.200x200_q85_crop-smart.jpg", "modified": "2021-04-15T12:03:19.026Z", "source": 19}}, {"model": "easy_thumbnails.thumbnail", "pk": 29, "fields": {"storage_hash": "d26becbf46ac48eda79c7a39a13a02dd", "name": "blogs/Lorem ipsum dolor-mindfigment/images/cool8.jpeg.200x200_q85_crop-smart.jpg", "modified": "2021-04-15T12:03:31.923Z", "source": 20}}, {"model": "easy_thumbnails.thumbnail", "pk": 30, "fields": {"storage_hash": "d26becbf46ac48eda79c7a39a13a02dd", "name": "blogs/posts/cool9_SVhWRnY.jpeg.100x100_q85_crop-smart.jpg", "modified": "2021-04-15T12:04:23.323Z", "source": 21}}, {"model": "easy_thumbnails.thumbnail", "pk": 31, "fields": {"storage_hash": "d26becbf46ac48eda79c7a39a13a02dd", "name": "blogs/posts/cool13.jpeg.100x100_q85_crop-smart.jpg", "modified": "2021-04-15T12:05:11.438Z", "source": 22}}, {"model": "easy_thumbnails.thumbnail", "pk": 32, "fields": {"storage_hash": "d26becbf46ac48eda79c7a39a13a02dd", "name": "blogs/posts/cool13.jpeg.300x190_q85_crop-smart.jpg", "modified": "2021-04-15T12:06:13.907Z", "source": 22}}, {"model": "easy_thumbnails.thumbnail", "pk": 33, "fields": {"storage_hash": "d26becbf46ac48eda79c7a39a13a02dd", "name": "blogs/posts/cool9_SVhWRnY.jpeg.300x190_q85_crop-smart.jpg", "modified": "2021-04-15T12:06:13.966Z", "source": 21}}, {"model": "easy_thumbnails.thumbnail", "pk": 34, "fields": {"storage_hash": "d26becbf46ac48eda79c7a39a13a02dd", "name": "blogs/posts/cool7_FajQqc3.jpeg.100x100_q85_crop-smart.jpg", "modified": "2021-04-15T12:08:17.778Z", "source": 23}}, {"model": "easy_thumbnails.thumbnail", "pk": 35, "fields": {"storage_hash": "d26becbf46ac48eda79c7a39a13a02dd", "name": "users/2021/04/15/cool6_QCFPP3z.jpeg.40x40_q85_crop.jpg", "modified": "2021-04-15T12:10:01.558Z", "source": 24}}, {"model": "easy_thumbnails.thumbnail", "pk": 36, "fields": {"storage_hash": "d26becbf46ac48eda79c7a39a13a02dd", "name": "blogs/Cras sed-tomek/images/cool15.jpeg.200x200_q85_crop-smart.jpg", "modified": "2021-04-15T12:10:05.437Z", "source": 25}}, {"model": "easy_thumbnails.thumbnail", "pk": 37, "fields": {"storage_hash": "d26becbf46ac48eda79c7a39a13a02dd", "name": "blogs/posts/cool13_Rf8rGMR.jpeg.100x100_q85_crop-smart.jpg", "modified": "2021-04-15T12:10:54.509Z", "source": 26}}, {"model": "easy_thumbnails.thumbnail", "pk": 38, "fields": {"storage_hash": "d26becbf46ac48eda79c7a39a13a02dd", "name": "blogs/posts/cool17.jpeg.100x100_q85_crop-smart.jpg", "modified": "2021-04-15T12:11:56.578Z", "source": 27}}, {"model": "easy_thumbnails.thumbnail", "pk": 39, "fields": {"storage_hash": "d26becbf46ac48eda79c7a39a13a02dd", "name": "blogs/posts/cool7_FajQqc3.jpeg.300x190_q85_crop-smart.jpg", "modified": "2021-04-15T12:13:34.662Z", "source": 23}}, {"model": "easy_thumbnails.thumbnail", "pk": 40, "fields": {"storage_hash": "d26becbf46ac48eda79c7a39a13a02dd", "name": "blogs/Maecenas ut-mindfigment/images/tiger.jpeg.200x200_q85_crop-smart.jpg", "modified": "2021-04-15T12:28:38.604Z", "source": 28}}, {"model": "easy_thumbnails.thumbnail", "pk": 41, "fields": {"storage_hash": "d26becbf46ac48eda79c7a39a13a02dd", "name": "blogs/posts/ttt.jpeg.100x100_q85_crop-smart.jpg", "modified": "2021-04-15T12:30:25.166Z", "source": 29}}, {"model": "easy_thumbnails.thumbnail", "pk": 42, "fields": {"storage_hash": "d26becbf46ac48eda79c7a39a13a02dd", "name": "blogs/posts/ttt.jpeg.300x190_q85_crop-smart.jpg", "modified": "2021-04-15T12:31:26.901Z", "source": 29}}, {"model": "easy_thumbnails.thumbnail", "pk": 43, "fields": {"storage_hash": "d26becbf46ac48eda79c7a39a13a02dd", "name": "blogs/posts/cool17.jpeg.300x190_q85_crop-smart.jpg", "modified": "2021-04-15T12:32:01.548Z", "source": 27}}, {"model": "easy_thumbnails.thumbnail", "pk": 44, "fields": {"storage_hash": "d26becbf46ac48eda79c7a39a13a02dd", "name": "blogs/posts/cool13_Rf8rGMR.jpeg.300x190_q85_crop-smart.jpg", "modified": "2021-04-15T12:32:01.592Z", "source": 26}}]